center_id,meal_id,current_price,recommended_price,price_change_pct,expected_demand,expected_revenue,demand_loss_vs_current
43,2290,298.82,358.58,0.19998661401512607,1382.684853836858,495803.1348888206,0.04145836686588866
13,2290,290.09,348.11,0.2000068944120792,1358.912093840202,473050.8889867127,0.04146263171943154
10,2290,289.09,346.91,0.20000691826074934,1290.7671190418228,447780.0212667988,0.04335992617938611
43,1962,564.6,677.52,0.19999999999999996,611.4774031831199,414288.1702046274,0.041497073288576436
13,1885,159.14,190.97,0.20001256755058439,2136.8793412337363,408079.84779540665,0.028531322423811845
67,1962,564.6,677.52,0.19999999999999996,595.5277464444421,403481.9587710384,0.04149881256813481
13,1962,564.6,677.52,0.19999999999999996,589.648755189041,399498.82461567904,0.04149947739230919
13,1109,287.18,344.62,0.20001392854655609,1150.8854915305933,396618.15809127304,0.04146921933418424
52,1962,563.6,676.32,0.19999999999999996,564.0921492532631,381506.8023829669,0.04150252849923208
10,1109,292.03,350.44,0.2000136972228881,1051.2085909275725,368385.5386046585,0.041472448512648974
132,1962,563.6,676.32,0.19999999999999996,527.7786934310108,356947.2859412612,0.028569230913426447
89,1962,563.6,676.32,0.19999999999999996,519.1184005472988,351090.1566581492,0.10524416188622154
137,2290,289.06,346.87,0.19999308102124136,1011.8669774463159,350986.2984668036,0.04336641013487552
13,2707,230.86,277.03,0.19999133674088165,1232.9674123249501,341568.9622363809,0.04383407723422261
10,1962,563.6,676.32,0.19999999999999996,486.6361718055867,329121.7757155544,0.04151373297983996
137,1962,562.6,675.12,0.19999999999999996,471.62971502908465,318406.65321043564,0.041516329296108045
24,1962,562.6,675.12,0.19999999999999996,461.68674580996617,311693.9558312244,0.04346862960760256
174,1962,563.6,676.32,0.19999999999999996,460.84496169914445,311678.6644963654,0.041518299617727794
10,1727,464.63,557.56,0.20000860900071005,546.4817412272016,304696.3596386385,0.043865158773964574
51,1962,562.63,675.16,0.20000710946803402,451.1724333465511,304613.5800982574,0.04152146759046249
13,1993,159.14,190.97,0.20001256755058439,1590.7861393739092,303792.42903623544,0.02853577304361221
174,1885,159.14,190.97,0.20001256755058439,1560.2363453126802,297958.33486436255,0.02853611403976597
137,1109,301.67,362.0,0.1999867404780058,820.9094623777986,297169.2253807631,0.04509819900606171
43,1109,283.3,339.96,0.19999999999999996,869.3268442273964,295536.35396354564,0.04147781078767088
13,1754,317.25,380.7,0.19999999999999996,763.3392031307537,290603.2346318779,0.04148415343265788
67,2290,285.21,342.25,0.19999298762315498,845.5374037643361,289385.176438344,0.041477794562941206
52,1109,300.76,360.91,0.19999335017954523,792.7221520827192,286101.35190817417,0.04148099087920942
86,2581,564.6,677.52,0.19999999999999996,420.6184250284142,284977.3953252512,0.041526540008188895
52,2581,563.63,676.36,0.20000709685431928,421.0379432848993,284773.2233201745,0.04152776452465923
43,1885,158.14,189.77,0.20001264702162658,1466.7283491929902,278341.0388263538,0.04146155059948953
11,1962,562.6,675.12,0.19999999999999996,407.1821230468624,274896.79491139774,0.0415296551362111
52,1885,157.14,188.57,0.20001272750413657,1451.4868704370992,273706.8791583238,0.04493623643441591
13,2826,379.33,455.2,0.20001054490812753,600.4299305150291,273315.70437044126,0.04150022610304516
13,1727,455.9,547.08,0.20000000000000018,494.4115620570003,270482.67737014376,0.04271788872406579
67,1885,157.14,188.57,0.20001272750413657,1425.1345579135468,268737.6235857575,0.041462355811160756
137,1885,158.14,189.77,0.20001264702162658,1405.220563924489,266668.70641595026,0.028538083025415828
86,1754,319.16,382.99,0.19999373355057015,695.074667841095,266206.647036461,0.04148809937582243
65,1962,512.19,614.63,0.20000390480095254,425.6578186149093,261622.06505528168,0.04259976039015645
27,1885,159.11,190.93,0.199987430079819,1359.618274078109,259591.91706973335,0.02853550254801851
59,2290,286.18,343.42,0.2000139772171361,750.5574491348707,257756.4391818973,0.04148763381448728
10,1885,158.14,189.77,0.20001264702162658,1354.8378997720524,257107.5882397424,0.04146378681710272
174,2290,293.94,352.73,0.2000068041096823,728.1696262936235,256847.27228254985,0.04148792909355026
52,2707,237.68,285.22,0.20001682935038723,897.5134006560183,255988.77213510958,0.04378379611244021
24,2290,298.79,358.55,0.20000669366444646,713.6583722477899,255882.20936944507,0.04148901752327261
43,2581,561.63,673.96,0.20000712212666705,378.8602906604311,255336.68149350415,0.0415382686375404
80,2826,379.33,455.2,0.20001054490812753,559.9320414306605,254881.06525923667,0.04150500967531212
36,1962,563.6,676.32,0.19999999999999996,373.1946463309222,252399.0032065293,0.04153853614947922
10,1754,320.16,384.19,0.19999375312343814,653.1150062508297,250920.25425150624,0.04149177334605092
52,2290,293.0,351.6,0.20000000000000018,712.9118699262934,250659.8134660848,0.041487833229839066
52,1727,464.63,557.56,0.20000860900071005,447.2914976667603,249391.84743907885,0.04388214667832413
24,1885,159.11,190.93,0.199987430079819,1305.8463816149074,249325.24964173426,0.04146020821031282
132,1885,160.11,192.13,0.19998750858784575,1289.7737585807706,247804.23223612344,0.028536615943093646
43,2707,235.77,282.92,0.19998303431310172,859.4340774262522,243151.0891854353,0.04147518788208293
52,2826,379.33,455.2,0.20001054490812753,526.3362411975532,239588.25699312624,0.041509536563657634
43,1727,464.63,557.56,0.20000860900071005,425.5705716680821,237281.12793925582,0.041527040980261276
108,1885,157.14,188.57,0.20001272750413657,1254.7434664634789,236606.9754710182,0.02854045772096292
10,2707,239.65,287.58,0.19999999999999996,818.2076724790858,235300.16245153546,0.04148066479172652
10,2581,562.6,675.12,0.19999999999999996,348.2826444019013,235132.5788886116,0.04349788943440591
39,1754,288.15,345.78,0.19999999999999996,674.9129602499394,233371.403395224,0.041490969371899666
126,1962,562.6,675.12,0.19999999999999996,345.10490004925623,232987.22012125386,0.042525321491180046
27,2290,298.79,358.55,0.20000669366444646,644.2088067861928,230981.06767318942,0.04149501642731668
137,1754,320.16,384.19,0.19999375312343814,598.3593998499703,229883.69782836008,0.041497337097023634
99,1962,564.6,677.52,0.19999999999999996,335.15802294761954,227076.2637074712,0.04155061081583844
43,1754,310.4,372.48,0.20000000000000018,608.3087856157239,226582.85646614485,0.04501794557786354
108,1962,564.6,677.52,0.19999999999999996,333.8254644831905,226173.42869665122,0.041551083716272585
10,2826,377.33,452.8,0.2000106008003606,497.19150851825884,225128.3150570676,0.04151396959334275
24,2581,564.6,677.52,0.19999999999999996,331.0103259115084,224266.11601156517,0.041552095273885925
174,1109,288.09,345.71,0.2000069422749835,643.0683005349189,222315.14217792678,0.043398827469982915
146,1109,300.76,360.91,0.19999335017954523,613.4410715292933,221397.01712563724,0.04149563071916462
39,2569,243.53,292.24,0.20001642508109896,755.9042622822355,220905.46160936053,0.1183754677253489
43,2826,377.33,452.8,0.2000106008003606,486.84307147074134,220442.54276195168,0.044417050801479285
104,1962,562.63,675.16,0.20000710946803402,326.37161546376063,220353.05989651263,0.04155512190927524
65,2290,259.96,311.95,0.1999923065086937,703.8195871697209,219556.52021759443,0.043595504624533654
27,1109,299.79,359.75,0.20000667133660222,610.1991400903845,219519.14064751583,0.04149844801348157
51,2290,273.6,328.32,0.19999999999999996,667.8538366540181,219269.77165024722,0.041491591282695084
52,1754,319.16,382.99,0.19999373355057015,572.1118621433119,219113.12208226701,0.04150037807807816
113,1062,155.23,186.28,0.20002576821490692,1171.8210988054518,218286.83428547956,0.035406286072603765
108,2290,289.06,346.87,0.19999308102124136,627.7889728076351,217761.1609977844,0.04339146782675163
51,1109,301.73,362.08,0.2000132568852946,600.9709647725515,217599.56692484545,0.04150067010717895
67,1109,293.94,352.73,0.2000068041096823,616.4619604643946,217444.6273146059,0.0414978115063378
11,2290,285.24,342.29,0.20000701163932133,633.3393711774039,216785.7333603136,0.04149613340068259
67,2826,377.33,452.8,0.2000106008003606,476.4247355478645,215725.12025607305,0.04297313859633212
174,1993,158.14,189.77,0.20001264702162658,1134.7014178206055,215332.28805981632,0.028542783172424535
174,2707,237.71,285.25,0.19999158638677383,754.7683694249588,215297.6773784695,0.04148318244359939
27,1962,563.6,676.32,0.19999999999999996,316.65005363300486,214156.76427307387,0.041557535168584625
65,1754,287.15,344.58,0.19999999999999996,620.9749627404525,213975.55266110512,0.0434060385969981
30,1962,563.6,676.32,0.19999999999999996,313.66796776675915,212139.91996001455,0.04253537998434331
24,1109,286.21,343.45,0.19999301212396503,617.4067201886329,212048.33804878595,0.041495152176083794
11,1109,271.6,325.92,0.19999999999999996,639.675034175856,208482.887138595,0.04351291765529708
13,2867,727.53,873.04,0.20000549805506296,238.67572629004204,208373.4560802583,0.028633510023997055
97,1962,548.08,657.7,0.2000072982046417,315.999205875684,207832.6777044374,0.042563371143368944
13,2581,564.6,677.52,0.19999999999999996,305.9365961508095,207278.16262409647,0.041561926165436414
126,2290,290.09,348.11,0.2000068944120792,594.327261499148,206891.2630004684,0.041500227410227075
137,2826,379.33,455.2,0.20001054490812753,454.1030898850614,206707.72651567994,0.04152153776519607
24,2826,379.33,455.2,0.20001054490812753,450.56738731286725,205098.27470481716,0.04152222398249572
20,1962,562.6,675.12,0.19999999999999996,303.08079466130505,204615.90609174027,0.04156314903488789
11,1885,157.14,188.57,0.20001272750413657,1081.593785808255,203956.14018986264,0.04494634115437213
27,2581,563.6,676.32,0.19999999999999996,300.80720090602443,203441.92611676245,0.04156413919891977
11,1727,464.63,557.56,0.20000860900071005,364.1760898930754,203050.0206807831,0.042726403435127125
104,2290,286.15,343.38,0.20000000000000018,588.984367778537,202245.45220779403,0.04531596308218089
72,1962,562.6,675.12,0.19999999999999996,298.4488559507398,201488.79162946346,0.04351777885200403
51,2581,563.6,676.32,0.19999999999999996,297.6680584599896,201318.8612976602,0.04254233667428153
51,1754,315.31,378.37,0.19999365703593286,531.0867861267645,200947.3072667839,0.04150572536513775
132,2581,564.6,677.52,0.19999999999999996,294.8092081274561,199739.13469051404,0.09175449439798677
174,2826,379.33,455.2,0.20001054490812753,438.7016572005562,199696.99435769318,0.04152460775165179
72,2826,379.33,455.2,0.20001054490812753,438.2715560271867,199501.2123035754,0.041524696580843234
132,1993,157.17,188.6,0.19997454985048035,1055.1571959280855,199002.64715203692,0.02853972517932668
124,1962,563.6,676.32,0.19999999999999996,293.7141278063265,198644.73891797473,0.04254417260175214
11,1754,314.31,377.17,0.1999936368553339,525.6353170391003,198253.87252763746,0.04325255483575541
86,2490,290.03,348.04,0.20001379167672328,566.6439960512911,197214.77638569137,0.04150477249789897
11,2707,237.71,285.25,0.19999158638677383,690.6898999891887,197019.29397191608,0.0414880634559297
101,2581,564.6,677.52,0.19999999999999996,290.0123256391042,196489.15086700587,0.04156905224903795
86,1962,563.6,676.32,0.19999999999999996,289.6759428620011,195913.63367642858,0.042546099375743274
51,1885,159.14,190.97,0.20001256755058439,1025.8009470875425,195897.206865308,0.041473174650615285
104,2444,484.03,580.84,0.2000082639505818,337.08392471623876,195791.82683218012,0.10030276072989941
43,1558,561.63,673.96,0.20000712212666705,290.44097697297394,195745.60084070553,0.04352629041114442
67,1754,319.16,382.99,0.19999373355057015,509.6314225195938,195183.73851077922,0.04150888727599655
59,1962,562.6,675.12,0.19999999999999996,288.09545191935683,194499.0014997962,0.04352277419664241
52,1558,564.6,677.52,0.19999999999999996,286.8659866651945,194357.44328540258,0.04157055381819785
75,1109,310.43,372.52,0.20001288535257533,520.7653218004854,193995.4976771168,0.04327859167696646
89,2581,563.6,676.32,0.19999999999999996,286.81306764336153,193977.4139085583,0.042547498226501945
80,1962,564.6,677.52,0.19999999999999996,285.7622882014507,193609.66550224688,0.041571088383648536
99,2707,241.59,289.91,0.20000827848834812,665.7093432635344,192995.79570553126,0.04149331971943293
83,2569,242.5,291.0,0.19999999999999996,659.680462450156,191967.0145729954,0.10885354303803385
27,1558,564.6,677.52,0.19999999999999996,283.2034268573479,191875.98576439035,0.028614555121543206
59,1885,158.17,189.8,0.199974710754252,1010.0540183388515,191708.25268071404,0.041466753370095866
67,2707,232.8,279.36,0.19999999999999996,684.027379262665,191089.88867081812,0.04617060924803196
43,2490,285.24,342.29,0.20000701163932133,557.5984759356797,190860.38232802384,0.04150465036504303
27,2707,234.8,281.76,0.19999999999999996,677.3567578014132,190852.04007812619,0.04149075709297856
104,2826,378.33,454.0,0.20001057278037693,419.22198694097153,190326.78207120107,0.04152881887969517
75,2290,284.24,341.09,0.20000703630734584,555.819948166688,189584.6261201756,0.04150488282966791
43,1993,158.14,189.77,0.20001264702162658,996.3203919457286,189071.72077954092,0.04147433496690067
66,1962,512.19,614.63,0.20000390480095254,306.6408977212704,188470.69496642443,0.04156235417271381
86,2290,286.15,343.38,0.20000000000000018,548.5694461721541,188367.7764265943,0.04532136537398401
89,2707,229.92,275.9,0.19998260264439804,682.0100359006467,188166.5689049884,0.041487127354007614
109,1962,564.6,677.52,0.19999999999999996,277.15740233198306,187779.68322796517,0.041575402043947385
137,1993,158.14,189.77,0.20001264702162658,987.7301877928228,187441.557737444,0.04147468163468093
108,2826,378.33,454.0,0.20001057278037693,412.778274324161,187401.33654316908,0.04153029754039039
75,1962,548.08,657.7,0.2000072982046417,282.03565997667874,185494.85356666162,0.04157428168850308
99,2581,562.6,675.12,0.19999999999999996,274.37887542681443,185238.66637815096,0.043529972692081365
43,2664,243.47,292.16,0.1999835708711546,633.3204777889903,185030.9107908314,0.11752130061235344
80,2581,563.6,676.32,0.19999999999999996,272.24104038057993,184122.06043019384,0.04255507429166694
101,2826,379.33,455.2,0.20001054490812753,404.4539241677008,184107.4262811374,0.04153227232009493
24,2707,229.95,275.94,0.19999999999999996,665.8715297425567,183740.5899171611,0.041491768295695786
108,2707,239.65,287.58,0.19999999999999996,638.8283775127794,183714.2648051251,0.041494292866663174
104,1727,464.63,557.56,0.20000860900071005,329.1307661862457,183510.14999480313,0.041554380785543965
132,1558,562.6,675.12,0.19999999999999996,271.3936883988681,183223.30691184383,0.09484529813547826
137,1727,466.63,559.96,0.20000857210209388,326.3510731918842,182743.5469445275,0.041555401491317645
24,1558,564.6,677.52,0.19999999999999996,269.65500709544204,182696.6604073039,0.04157938764139202
174,2581,562.63,675.16,0.20000710946803402,270.343408278494,182525.055533308,0.04158033523859839
27,1993,156.17,187.4,0.1999743868860857,971.5775165268461,182073.62659713096,0.028541962455083114
92,1754,292.03,350.44,0.2000136972228881,518.7168982668472,181779.14982863393,0.041511230253736486
109,2444,484.03,580.84,0.2000082639505818,312.6239800211121,181584.51255546277,0.10013421741178397
72,1754,320.16,384.19,0.19999375312343814,471.7191001595784,181229.76109030843,0.04151515295030228
99,1558,564.6,677.52,0.19999999999999996,267.0818987064237,180953.3280115762,0.041580806147308524
24,1727,465.63,558.76,0.20000859051177966,323.36058011594866,180680.95774558748,0.041556530130135494
51,2444,484.03,580.84,0.2000082639505818,309.8127560025491,179951.64119652065,0.10013682444092398
13,1062,189.21,227.05,0.1999894297341578,790.8464921213416,179561.69603615062,0.04148038200801685
113,2569,249.32,299.18,0.19998395636130284,595.9968247508448,178310.33002895775,0.11126550663726176
101,1962,564.6,677.52,0.19999999999999996,261.9254612366897,177459.73849708203,0.04158373266820281
108,1993,159.14,190.97,0.20001256755058439,928.4523210851914,177306.539757639,0.02854819653051477
23,1962,562.6,675.12,0.19999999999999996,261.8920957519756,176808.59168407376,0.041583751979880956
10,1778,191.12,229.34,0.19997907074089571,770.8974216644724,176797.6146845301,0.04434216206204378
43,1803,202.76,243.31,0.19999013612152305,723.4946437952393,176033.4817818197,0.04148518741697527
113,1754,330.83,397.0,0.2000120908019225,443.3063486514364,175992.62041462024,0.041523954730258716
110,1962,513.19,615.83,0.200003897192073,285.7411710234078,175967.98535134524,0.041571823486945214
29,1754,286.18,343.42,0.2000139772171361,512.1262156160448,175874.3849668621,0.04342926485290166
80,1727,466.63,559.96,0.20000857210209388,313.81305072001544,175722.75588117985,0.041560262613848376
67,1727,466.63,559.96,0.20000857210209388,313.07474611274375,175309.334833292,0.04156056099938754
124,1754,318.16,381.79,0.19999371385466436,457.1012277463863,174516.67774129283,0.044954902618618564
86,1727,466.63,559.96,0.20000857210209388,311.19451322150496,174256.47962351394,0.04156132728809814
137,2707,230.92,277.1,0.1999826779837175,627.6629781875561,173925.4112557718,0.041492182513623854
27,2826,375.45,450.54,0.20000000000000018,383.3542270493142,172716.41345479802,0.04153571643534959
162,1754,292.03,350.44,0.2000136972228881,492.7289062604956,172671.91790992807,0.0415152680894898
75,2581,549.08,658.9,0.20000728491294506,261.8561215842319,172536.9985118504,0.04158512811397097
146,2290,241.53,289.84,0.20001656108971955,595.2644316950044,172531.44288248007,0.041501917103871744
36,1885,157.17,188.6,0.19997454985048035,911.0922204670433,171831.99278008434,0.044946043996815455
132,2826,377.33,452.8,0.2000106008003606,379.37856254453226,171782.6131201642,0.041538771936992736
32,1754,292.03,350.44,0.2000136972228881,490.10547672793695,171752.5632645382,0.041515699493465896
67,1558,564.6,677.52,0.19999999999999996,253.3486517273037,171648.77851828278,0.10462901206766073
52,1993,158.14,189.77,0.20001264702162658,902.4028809976983,171248.99472693322,0.0414784834822296
43,1062,190.18,228.22,0.20002103270585758,750.0849889520533,171184.3961786376,0.04148897676737162
36,1109,298.79,358.55,0.20000669366444646,477.301195217907,171136.34354538054,0.04151657221429417
26,1062,154.26,185.11,0.1999870348761832,923.7335321641849,170992.31413891228,0.03202609502807763
99,2290,269.66,323.59,0.19999258325298497,525.6832016139956,170105.82721027284,0.04555463306171226
52,1778,188.24,225.89,0.20001062473438158,749.1235991999333,169219.52982327293,0.04148711280491579
51,2707,227.01,272.41,0.19999118981542674,621.1655154873746,169211.69807391573,0.04149442464088682
13,1558,564.6,677.52,0.19999999999999996,249.74023163366206,169204.00173643872,0.04159112849713931
66,1754,285.18,342.22,0.2000140262290484,494.3649462880764,169181.5719187055,0.04534546088319846
113,2664,246.38,295.66,0.20001623508401667,572.020946519479,169123.7130479492,0.11203928508069305
80,2664,272.63,327.16,0.20001467189964428,516.6506259433776,169027.41878363542,0.126038484941713
99,1885,158.14,189.77,0.20001264702162658,889.0368298992977,168712.51920998972,0.04147914512920037
23,1445,484.03,580.84,0.2000082639505818,290.33606463938673,168638.7997851414,0.10025087934595789
13,2444,726.53,871.84,0.2000055056226171,193.30233703261797,168528.70951851766,0.04163856710444547
80,1754,319.16,382.99,0.19999373355057015,438.7468348572857,168035.65028199187,0.04152147518987259
157,1062,148.44,178.13,0.20001347345728915,942.2574133331798,167844.3130370393,0.05265387266175525
137,2581,562.6,675.12,0.19999999999999996,248.09080139940903,167491.06184076902,0.041592185437095974
13,2760,162.99,195.59,0.20001227069145333,856.033117661278,167431.51748336936,0.10103167215035969
108,1754,319.16,382.99,0.19999373355057015,436.4826765879334,167168.5003064126,0.04152194464273873
11,2826,365.69,438.83,0.20000546911318318,380.38383330499397,166923.8375692305,0.04153754165113399
108,1109,290.06,348.07,0.19999310487485356,479.40139926987746,166865.24504386625,0.04340538950254558
67,1993,158.14,189.77,0.20001264702162658,877.8043261104842,166580.9269659866,0.04147971674205031
52,2664,241.56,289.87,0.19999172048352376,574.5345906788547,166540.3418000796,0.11697643008726322
102,2569,260.99,313.19,0.20000766312885543,531.116309843758,166340.31707996657,0.12652605230149871
146,2826,326.92,392.3,0.19998776459072554,423.11159441481624,165986.6784889324,0.0415237104324544
23,2826,379.33,455.2,0.20001054490812753,363.9969750330464,165691.4230350427,0.0415431845143821
24,1993,160.11,192.13,0.19998750858784575,860.1594450934691,165262.4341858082,0.04147597932215219
43,1778,192.12,230.54,0.19997917967936707,716.314987907214,165139.2573121291,0.041483703637888114
23,2581,563.6,676.32,0.19999999999999996,243.92577362434318,164971.8792176158,0.0415949179572227
59,1109,284.24,341.09,0.20000703630734584,483.37504006197423,164874.39241473877,0.043445820029247795
51,2826,378.33,454.0,0.20001057278037693,362.8958886132957,164754.73343043626,0.0429962445958606
102,1062,157.14,188.57,0.20001272750413657,873.4829596229258,164712.68169609513,0.09319154430461296
30,1754,320.16,384.19,0.19999375312343814,425.7849682749721,163582.3269615615,0.04152423386960802
39,1962,511.19,613.43,0.20000391243960158,264.7620400945786,162412.97825521734,0.042659947098175666
67,2581,564.6,677.52,0.19999999999999996,239.21552754873997,162073.3042248223,0.04159812280693964
10,2664,244.5,293.4,0.19999999999999996,552.2659198222877,162034.8208758592,0.12003343379034392
88,1754,282.3,338.76,0.19999999999999996,477.3809296626792,161717.5637325292,0.041515314969978956
104,1885,157.14,188.57,0.20001272750413657,855.4721407920979,161316.3815891659,0.04495682180119043
126,2826,377.33,452.8,0.2000106008003606,356.05743945717086,161222.80858620696,0.0415456274263295
43,2569,243.53,292.24,0.20001642508109896,550.5090971760902,160880.77855874063,0.12039956437251365
52,2569,238.62,286.34,0.19998323694577147,561.3600046503698,160739.82373158686,0.11798760013053622
99,2826,379.33,455.2,0.20001054490812753,352.7334103026876,160564.2483697834,0.04154666797377882
86,1109,301.67,362.0,0.1999867404780058,441.984183880012,159998.27456456434,0.043339020467364264
137,1778,189.21,227.05,0.1999894297341578,703.0611084145493,159630.0246655234,0.04148665145238084
51,1727,466.63,559.96,0.20000857210209388,284.93065126462335,159549.7674821385,0.04157308824229444
36,2290,282.33,338.8,0.200014167817802,470.65098527666663,159456.55381173466,0.04151913611485025
174,1727,466.63,559.96,0.20000857210209388,283.7944022987258,158913.5135111945,0.04157364617265813
97,1558,549.08,658.9,0.20000728491294506,240.25848767099507,158306.31752641866,0.041598758079340215
36,1754,318.16,381.79,0.19999371385466436,414.1873979730802,158132.60667214228,0.0415268377880369
77,1754,284.27,341.12,0.1999859288704402,463.26314960105435,158028.32559191165,0.04151523595510942
104,2707,235.74,282.89,0.20000848392296589,558.5027172388657,157994.83367970272,0.043829404406412475
153,1754,319.16,382.99,0.19999373355057015,412.5178999401613,157990.23049808238,0.04324767998585399
39,2664,243.47,292.16,0.1999835708711546,539.7718399897913,157699.74077141742,0.11592028681038813
29,1062,157.2,188.64,0.19999999999999996,835.9434760042038,157692.377313433,0.09294216471481731
113,1558,548.08,657.7,0.2000072982046417,239.70634513053847,157654.86319235517,0.04159914119489483
10,1062,191.09,229.31,0.20001046627243713,686.505960802556,157422.68187163412,0.041491918744749445
145,1062,162.05,194.46,0.19999999999999996,808.3899889609233,157199.51725334115,0.028551011733516374
13,1571,641.23,769.48,0.2000062380113219,204.16757136612406,157102.86281480515,0.04162777389169581
75,1062,158.11,189.73,0.19998735057871087,825.753721948062,156670.2536652058,0.028548664295693027
83,2664,233.83,280.6,0.20001710644485304,555.8348600685671,155967.26173523994,0.11803922672601264
124,2581,563.6,676.32,0.19999999999999996,229.84375608404204,155447.92911475932,0.04258257931877418
104,1109,283.24,339.89,0.20000706114955502,457.15204833491407,155381.40970855393,0.04345753080601267
23,2707,240.62,288.74,0.1999833762779486,537.2882529873411,155136.61016756488,0.04150295310939356
67,1971,341.47,409.76,0.19998828594019957,377.94476462212936,154866.64675156373,0.04153502191803227
110,2290,231.89,278.27,0.20000862477899006,556.3388532399825,154812.41269108994,0.10095719784310564
11,2581,564.6,677.52,0.19999999999999996,228.25502683316566,154647.3457800064,0.04160609222747058
89,1885,158.14,189.77,0.20001264702162658,813.7463304636154,154424.64113208032,0.04493757385766073
101,1727,464.63,557.56,0.20000860900071005,276.6361934669506,154241.27602943295,0.041577273290865135
55,1727,466.63,559.96,0.20000857210209388,275.37792804970223,154200.62459071126,0.04157792224010681
24,1778,192.12,230.54,0.19997917967936707,668.7612691264421,154176.22298440995,0.04148764529375204
72,2581,564.6,677.52,0.19999999999999996,227.32845102626553,154019.57213931542,0.041606801166600205
32,2581,511.19,613.43,0.20000391243960158,250.8992542961399,153909.12956288108,0.04374034639857116
113,2290,298.79,358.55,0.20000669366444646,429.10508648508466,153855.6287592271,0.04336299338000815
109,1885,157.14,188.57,0.20001272750413657,815.7190805935247,153820.14702752096,0.028552340757591166
99,1727,464.63,557.56,0.20000860900071005,274.28771451640665,152931.85810576766,0.04157850219154968
43,1311,161.05,193.26,0.19999999999999996,790.0138431995784,152678.0753367505,0.0414823968845186
65,1778,158.11,189.73,0.19998735057871087,804.6702498879639,152670.0865112434,0.028549543226080276
64,1062,155.26,186.31,0.19998711838206895,816.3839499883899,152100.49372233692,0.08319784244953288
72,1558,562.63,675.16,0.20000710946803402,225.00253066379318,151912.7086029666,0.04160992991089152
81,1754,292.03,350.44,0.2000136972228881,433.3666834499407,151869.0205481972,0.04152630770946464
65,2826,327.92,393.5,0.1999878019029031,385.89760655304474,151850.7081786231,0.04153276692530106
13,2569,241.53,289.84,0.20001656108971955,522.8870915052711,151553.59460188777,0.1172129444530744
30,1109,265.81,318.97,0.19999247582859936,475.0196629502405,151517.02189123823,0.04151433080979694
66,2290,260.96,313.15,0.19999233599019006,483.7691143942857,151492.29817257056,0.04151279300800392
104,1754,320.16,384.19,0.19999375312343814,394.1423095812047,151425.53391800303,0.04153172056507359
124,2290,275.51,330.61,0.19999274073536366,457.98728616379105,151415.17667861097,0.041517488723534
13,2664,241.59,289.91,0.20000827848834812,522.1389365602109,151373.29909817077,0.11764662397765147
30,1885,158.11,189.73,0.19998735057871087,795.5817312024168,150945.72186103452,0.04493474842254208
126,1754,318.16,381.79,0.19999371385466436,393.68615270821283,150305.4362424686,0.04325784896311824
126,1558,563.6,676.32,0.19999999999999996,222.13310680968945,150233.0627975292,0.04258870973602835
10,2569,242.56,291.07,0.19999175461741414,514.2880085926164,149693.81066105285,0.11966003208552745
104,1558,562.6,675.12,0.19999999999999996,221.7124287267175,149682.49488198152,0.04161122485776636
157,1962,512.19,614.63,0.20000390480095254,243.46706281751727,149642.16081953063,0.04159595126816695
58,2664,256.08,307.3,0.2000156201187131,486.86286486770314,149612.95837384518,0.12502173351136536
174,1754,320.16,384.19,0.19999375312343814,388.2575772757152,149164.67861355704,0.04153324746373188
174,2569,243.53,292.24,0.20001642508109896,508.70991117765806,148665.3844425588,0.11738844006804505
23,1109,287.12,344.54,0.19998606854276968,431.30217338040535,148600.85081648486,0.04343301146565626
83,1062,157.14,188.57,0.20001272750413657,787.8285954977595,148560.8382530125,0.028553543055834685
51,1558,562.6,675.12,0.19999999999999996,219.51026006467166,148195.76677486114,0.04161302125635036
146,1754,291.03,349.24,0.20001374428753071,423.0418879222878,147743.1489379798,0.043414452339355813
88,2569,245.47,294.56,0.19998370472970217,501.52654998809317,147729.66056449272,0.11795987497581617
36,2581,564.6,677.52,0.19999999999999996,217.65123975177625,147463.06795662345,0.04161456602569069
83,2581,547.08,656.5,0.20000731154492946,224.49816009576733,147383.04210287126,0.04261760056230879
32,2290,261.96,314.35,0.1999923652466027,467.4225757562096,146934.2866889645,0.04151566888054892
104,2581,562.6,675.12,0.19999999999999996,217.15528165701667,146605.8737522851,0.04259463283411968
13,1778,190.18,228.22,0.20002103270585758,642.3281769585932,146592.13654549012,0.04149785904798753
86,1558,563.63,676.36,0.20000709685431928,216.61684141014337,146510.96685616457,0.0416167583289665
146,1062,160.11,192.13,0.19998750858784575,761.877027890731,146379.43336864616,0.028551497083677657
17,1962,562.6,675.12,0.19999999999999996,216.3484669856023,146061.17703131982,0.04161566439396913
145,2581,548.08,657.7,0.2000072982046417,221.98127528487623,145997.0847548631,0.04161236661999812
72,1109,309.43,371.32,0.20001292699479678,392.87338915658165,145881.74686162188,0.04506998210748148
99,1109,261.93,314.32,0.20001527125567886,461.9708835120198,145206.68810549806,0.09507589499188718
132,2707,235.71,282.85,0.19999151499724244,512.8147922661354,145049.66399247642,0.04150799156049634
30,2581,563.6,676.32,0.19999999999999996,214.42099093589925,145017.20458976738,0.041617313926565314
30,1558,562.6,675.12,0.19999999999999996,214.64787534282175,144913.07360144582,0.042596816479622435
93,2290,260.96,313.15,0.19999233599019006,462.01749863877603,144680.77969873272,0.041516657253237055
11,1778,179.45,215.34,0.20000000000000018,671.2640363603944,144549.99758984733,0.04754364738660344
153,1109,280.39,336.47,0.20000713292200167,429.1479356142522,144395.40589612746,0.041525988925615764
14,1962,564.6,677.52,0.19999999999999996,212.81748607203866,144188.10316352762,0.041618708968707896
97,2581,548.08,657.7,0.2000072982046417,219.20160134072856,144168.89320179718,0.041614634626671254
59,1754,320.16,384.19,0.19999375312343814,374.9182688704004,144039.84971731913,0.04153688603536132
75,1754,330.83,397.0,0.2000120908019225,362.6726089009908,143981.02573369333,0.04154387019637851
24,1754,318.16,381.79,0.19999371385466436,376.69190212099625,143817.20131077516,0.043262579620818364
145,1962,548.08,657.7,0.2000072982046417,217.97757559133223,143363.8514664192,0.04262117698969603
36,2707,231.83,278.2,0.20001725402234394,514.0456951065662,143007.5123786467,0.04151258651561629
97,2569,240.62,288.74,0.1999833762779486,494.1494283548105,142680.705943168,0.10829798672872504
72,2707,239.62,287.54,0.1999833069025958,495.9604436714937,142608.4659733013,0.041509098333424865
13,2956,637.29,764.75,0.20000313828869132,186.4571955936254,142593.14033022503,0.042511330685414905
113,1962,549.08,658.9,0.20000728491294506,216.25997468935785,142493.69732281787,0.04161709578538331
10,1558,564.6,677.52,0.19999999999999996,209.7019586311978,142077.27101180915,0.0416214804474383
153,2290,290.09,348.11,0.2000068944120792,407.96803047429216,142017.75108840584,0.04153074833362813
72,2290,297.79,357.35,0.20000671614224785,397.4182623034007,142017.41603412025,0.0415332989693491
132,1109,293.97,352.76,0.19998639316937084,402.23678788912025,141893.04929576605,0.04152832567261444
58,2569,246.41,295.69,0.19999188344628882,479.4913257459617,141780.79010982343,0.12413104224404714
81,1062,153.26,183.91,0.19998695028056912,768.2492219638968,141288.71441138026,0.0355034584345848
27,1727,466.63,559.96,0.20000857210209388,252.07180544059236,141150.1281745141,0.04159125303202471
153,1962,564.6,677.52,0.19999999999999996,208.17052807322688,141039.69618017267,0.041622873166296204
11,1558,563.6,676.32,0.19999999999999996,208.39940047051905,140944.68252622147,0.04260075218581316
59,2826,377.33,452.8,0.2000106008003606,311.1347266347113,140881.8042201973,0.044466182246855834
97,2290,272.6,327.12,0.19999999999999996,430.2629560891831,140747.61819589356,0.04152442391701727
139,1754,292.03,350.44,0.2000136972228881,401.6251631924597,140745.52218916558,0.041533549576305395
52,1062,189.21,227.05,0.1999894297341578,619.8610233538744,140739.4453524972,0.04149423237737204
59,2707,238.62,286.34,0.19998323694577147,490.78691818561185,140531.92615326808,0.04150992926212471
66,2581,513.19,615.83,0.200003897192073,227.79015090975628,140280.0086347552,0.04160717261599045
153,1727,466.63,559.96,0.20000857210209388,250.4331044227873,140232.52115258397,0.04159228369465462
83,2290,297.79,357.35,0.20000671614224785,390.8311694988187,139663.5184204029,0.043378586270488184
93,1754,292.03,350.44,0.2000136972228881,397.58482863930743,139329.6273483589,0.041534554335801444
11,1993,157.14,188.57,0.20001272750413657,738.3031773770933,139221.83015799848,0.04148828006646732
97,1109,302.64,363.17,0.20000660851176333,382.94707278899324,139074.88842477868,0.04335132559011434
97,1754,329.83,395.8,0.2000121274596005,351.0807326988986,138957.75400222407,0.0415474920551131
32,1962,512.19,614.63,0.20000390480095254,225.34139055037986,138501.57887397998,0.04268472890593633
86,1971,345.35,414.42,0.19999999999999996,334.12146298413023,138466.61668988326,0.04155097834601751
13,2640,321.13,385.36,0.20001245601469808,358.7151724721926,138234.47886388414,0.04154514598059533
72,1885,158.11,189.73,0.19998735057871087,728.1015566968268,138142.70835208896,0.028553163322609154
36,2826,377.33,452.8,0.2000106008003606,305.08535818675716,138142.65018696364,0.04302151461811243
24,1062,191.09,229.31,0.20001046627243713,601.2483157766436,137872.25129074213,0.041500121477693885
59,1558,563.6,676.32,0.19999999999999996,203.83536088632434,137857.9312746389,0.04162692911532895
72,1727,466.63,559.96,0.20000857210209388,245.43257694531488,137432.42578629853,0.04159551384515581
29,2569,245.47,294.56,0.19998370472970217,466.51501926187024,137416.6640737765,0.11776007246558795
132,2290,241.53,289.84,0.20001656108971955,472.188047969484,136858.98382347522,0.12687339353718163
68,1754,291.03,349.24,0.20001374428753071,391.5131529575945,136732.05353891032,0.04153611199369045
108,1727,465.63,558.76,0.20000859051177966,244.38792122839962,136554.19486558056,0.04159620876806103
89,1558,563.6,676.32,0.19999999999999996,201.71006292185163,136420.5497553067,0.04162898120046987
83,1754,330.83,397.0,0.2000120908019225,343.6173376150793,136416.08303318647,0.04154994183501881
177,1062,155.26,186.31,0.19998711838206895,731.3318968494176,136254.445702015,0.02855296541228436
61,1558,548.08,657.7,0.2000072982046417,207.121812645813,136224.01617715124,0.041625197802257485
65,1971,290.06,348.07,0.19999310487485356,391.00098580456955,136095.71312899652,0.04342492996762903
29,2290,247.35,296.82,0.19999999999999996,458.061489623613,135961.8113500808,0.04151882320613842
68,1962,511.19,613.43,0.20000391243960158,221.59426023216253,135932.56705421544,0.04161204869072721
34,1962,512.19,614.63,0.20000390480095254,220.13952541891905,135304.3565082302,0.04268899492371914
126,2444,484.03,580.84,0.2000082639505818,232.84343610393998,135244.7814266125,0.10023264944803922
13,1445,727.53,873.04,0.20000549805506296,154.3960469917999,134793.92486572097,0.04169031532579526
89,1109,269.66,323.59,0.19999258325298497,416.4290984060879,134752.29195322597,0.041526111656182696
81,2290,260.96,313.15,0.19999233599019006,429.66689737945177,134550.18891437532,0.041523128039770096
20,2707,239.62,287.54,0.1999833069025958,467.3575192854505,134383.98109533844,0.04151399802176492
139,2569,244.44,293.33,0.2000081819669448,456.73935302386366,133975.3544224899,0.12139949344515621
66,1109,276.45,331.74,0.20000000000000018,403.3038333735743,133792.01368334953,0.0970674626343675
58,1754,319.13,382.96,0.2000125340770218,349.08235035668713,133684.5768925969,0.04497701870112014
14,2826,378.33,454.0,0.20001057278037693,293.3940203213984,133200.88522591486,0.04302303011593933
152,1109,310.43,372.52,0.20001288535257533,356.65069025283947,132859.51513298776,0.041545866549349886
97,1062,161.08,193.3,0.20002483238142532,685.2883849786134,132466.24481636597,0.028560361776524434
58,1062,154.29,185.15,0.2000129626028908,715.4098599193047,132458.13556405928,0.08894716330368979
126,2707,234.8,281.76,0.19999999999999996,469.5489768432862,132300.1197153643,0.041516702390750115
10,2956,642.14,770.57,0.2000031145856045,171.56952374308273,132206.32791070727,0.04252363981040819
23,1754,318.16,381.79,0.19999371385466436,346.10756733990087,132140.40813470076,0.04327226353755942
124,2490,292.03,350.44,0.2000136972228881,376.449391630948,131922.92480314942,0.0415401618107587
51,1993,160.11,192.13,0.19998750858784575,686.3301590380879,131864.61345598783,0.04148767164090139
73,1754,292.03,350.44,0.2000136972228881,375.98496199106586,131760.1700801491,0.0415402921072634
83,1109,300.7,360.84,0.19999999999999996,364.60499350889563,131564.0658577499,0.043367189943479656
104,1778,180.42,216.5,0.19997782950892362,607.3233876510897,131485.5134264609,0.04149340093687892
13,1525,321.13,385.36,0.20001245601469808,340.9596100948423,131392.19534614842,0.04155091048637283
89,1727,464.63,557.56,0.20000860900071005,235.4924481779126,131301.16940607692,0.0416023489583055
89,2826,371.54,445.85,0.20000538300048443,294.3168053469293,131221.14766392842,0.041568051048415766
23,2290,238.62,286.34,0.19998323694577147,455.39858601945355,130398.83112081031,0.11103085704829785
14,2867,484.03,580.84,0.2000082639505818,224.4042539437381,130342.96686068084,0.10043676990829442
97,2826,325.92,391.1,0.19998772704958268,330.0505877924813,129082.78488563944,0.041550162404516255
101,1558,564.6,677.52,0.19999999999999996,190.48583437981978,129057.96250901549,0.0416405781216983
137,2444,486.03,583.24,0.20000822994465373,221.2191937204551,129023.88254551824,0.10053751331022065
145,2569,244.5,293.4,0.19999999999999996,439.59539156295966,128977.28788457236,0.12142282530298065
106,1962,512.19,614.63,0.20000390480095254,209.6175207853553,128837.21680030294,0.04269827110673441
101,1754,320.16,384.19,0.19999375312343814,335.29138558016024,128815.59742604176,0.04154940238699445
32,2569,244.44,293.33,0.2000081819669448,438.91814729883714,128747.86014716788,0.11769479049851184
108,2539,160.11,192.13,0.19998750858784575,669.151490442168,128564.07585865373,0.0285565351837358
124,2826,377.33,452.8,0.2000106008003606,283.8875115794783,128544.26524318778,0.041573977606025325
65,1558,511.19,613.43,0.20000391243960158,209.36525303603085,128430.9271698924,0.04377328577505868
14,2581,562.66,675.19,0.19999644545551498,190.05669522959573,128324.38005207076,0.04164038651758539
92,2569,249.29,299.15,0.20000802278470853,428.21578009143684,128100.75061435332,0.12000840041898397
174,1778,190.15,228.18,0.19999999999999996,559.5402684974115,127675.89846573936,0.04438128349024717
10,1993,157.14,188.57,0.20001272750413657,677.0411779508164,127669.65492618544,0.04497003337316441
27,1778,192.12,230.54,0.19997917967936707,552.7143183724323,127422.75895758055,0.041500111199578305
11,2664,235.74,282.89,0.20000848392296589,450.24040709026684,127368.50876176558,0.12240962901621577
101,2664,265.84,319.01,0.2000075233222991,397.18075296848934,126704.63200447778,0.1281029488206875
50,1109,299.73,359.68,0.20001334534414306,351.9927633583025,126604.75712471425,0.0433796167040954
124,1727,465.63,558.76,0.20000859051177966,226.210802268177,126397.54787536657,0.04279216662529184
89,2290,187.27,224.72,0.19997864046563785,561.4963367221521,126179.45678820203,0.10709345080973398
80,2444,486.03,583.24,0.20000822994465373,216.2760066639755,126140.81812669706,0.10054681418589095
74,1962,511.19,613.43,0.20000391243960158,205.31209381228416,125944.59770726947,0.04377721379208577
83,1558,547.08,656.5,0.20000731154492946,191.8027318563919,125918.49346372127,0.04164050922575535
20,1109,295.91,355.09,0.19999324118819883,354.2084059414446,125775.86286574755,0.041542982886358826
177,2569,246.38,295.66,0.20001623508401667,425.2712787979402,125735.70628939902,0.12226688082269332
86,1062,192.09,230.51,0.20001041178614187,544.7238628736968,125564.29763101584,0.04435639360332366
124,2664,263.87,316.64,0.1999848410201992,396.20169659372493,125453.30520943705,0.12418010890636899
106,2290,261.96,314.35,0.1999923652466027,398.9901774041078,125422.56226698129,0.04153023863372318
30,2826,377.33,452.8,0.2000106008003606,275.5819220943686,124783.49432433011,0.04303591455715716
57,2569,258.05,309.66,0.19999999999999996,401.95055034259127,124468.00741908682,0.12617390710888954
137,1062,187.27,224.72,0.19997864046563785,553.8123662202844,124452.7149370223,0.04149986863039812
14,1993,160.11,192.13,0.19998750858784575,647.1685220421655,124340.48813996125,0.02855794129075817
137,2867,486.03,583.24,0.20000822994465373,213.02231110898663,124243.13273120536,0.10055317164917255
77,2290,260.96,313.15,0.19999233599019006,396.6999809513603,124226.59903491847,0.04153080771539375
68,1109,288.12,345.74,0.19998611689573798,359.0917421586527,124152.37893393259,0.04344573875825686
83,1962,547.08,656.5,0.20000731154492946,188.73777015707248,123906.34610811809,0.04365516219576149
109,2581,564.6,677.52,0.19999999999999996,182.857884762494,123889.87408428492,0.04164927170260535
109,2707,241.59,289.91,0.20000827848834812,427.21773797682454,123854.69441686121,0.04152661981787198
20,1885,157.14,188.57,0.20001272750413657,655.2514129349107,123560.75893713611,0.04497213970970415
10,1525,321.13,385.36,0.20001245601469808,320.3376008444205,123445.29786140588,0.041558407606027914
92,2664,251.23,301.48,0.20001592166540627,409.3075063090954,123398.02700206608,0.1201670419763432
76,1962,563.6,676.32,0.19999999999999996,182.2852125459842,123283.13494910004,0.04262865495740764
174,1558,564.6,677.52,0.19999999999999996,181.78221768852612,123161.08812833022,0.04165055632510728
92,2581,511.19,613.43,0.20000391243960158,200.60689424961538,123058.28713954156,0.042709089563643166
146,2581,511.19,613.43,0.20000391243960158,200.16791861554142,122789.00631633156,0.04163122616208936
80,2707,224.07,268.88,0.19998214843575668,456.61821104899377,122775.50458685344,0.04396165852724154
50,2704,321.13,385.36,0.20001245601469808,317.6232662666726,122399.30188852496,0.028605561367433197
174,2664,240.62,288.74,0.1999833762779486,423.2452305787819,122207.82787731748,0.12377068509698963
10,1571,639.23,767.08,0.20000625752858903,159.06444907328327,122015.15759513414,0.04254667991759631
53,1962,564.6,677.52,0.19999999999999996,180.00072103508353,121954.08851568979,0.041652717652442606
75,2577,236.74,284.09,0.2000084480865083,429.1860407363747,121927.46231279668,0.11321447468456414
132,1754,319.16,382.99,0.19999373355057015,318.1478239605755,121847.43509866082,0.04327735971273605
27,1062,192.12,230.54,0.19997917967936707,527.9690984199167,121717.99594972758,0.04150347815108779
108,2581,563.6,676.32,0.19999999999999996,179.9326805026887,121692.07047757843,0.0416528010481253
153,2664,253.2,303.84,0.19999999999999996,400.4840997481386,121683.08886747442,0.12054371824013799
77,2569,242.5,291.0,0.19999999999999996,418.0191810079619,121643.5816733169,0.11733639937669404
73,2290,254.17,305.0,0.19998426250147538,397.8608178151071,121347.54943360767,0.04152901543301457
30,2290,285.18,342.22,0.2000140262290484,354.16219614101493,121201.38676337813,0.0453800542939824
75,2569,238.62,286.34,0.19998323694577147,423.16686376947735,121169.59977175214,0.11958209191287839
50,1962,547.08,656.5,0.20000731154492946,184.2902194982384,120986.52910059351,0.041648946659690544
11,1062,179.51,215.41,0.19998885855941184,559.9290405489684,120614.31462465327,0.04150098293851312
13,2539,157.2,188.64,0.19999999999999996,638.263027307289,120401.93747124699,0.02856014556614228
32,1558,513.19,615.83,0.200003897192073,195.3663370707471,120312.4513582782,0.04163609777068933
61,2290,274.57,329.48,0.19998543176603434,364.96784746651343,120249.60638326686,0.04153822677201857
27,2569,245.47,294.56,0.19998370472970217,408.2326145245594,120248.99893435421,0.11821728276151788
99,2569,243.53,292.24,0.20001642508109896,411.22171872444204,120175.43508003095,0.12114513400500992
50,1754,330.83,397.0,0.2000120908019225,302.6387663720818,120147.59024971648,0.04156558872214089
101,2569,250.32,300.38,0.19998402045381902,399.64949075277394,120046.71403231824,0.1116642148318705
110,1754,329.83,395.8,0.2000121274596005,303.2020952383918,120007.38929535548,0.0415653517750425
27,1754,318.16,381.79,0.19999371385466436,313.99604449817053,119880.54982895653,0.04155742619512626
52,2444,728.53,874.24,0.20000549050828376,137.05914274137137,119822.58495021651,0.04172283386900966
59,1993,158.14,189.77,0.20001264702162658,631.2752389872622,119797.10210261276,0.04149738469811637
109,2826,379.33,455.2,0.20001054490812753,262.999122914136,119717.20075051472,0.04158507562986857
80,1109,276.48,331.78,0.20001446759259234,360.65461440512405,119657.98796733205,0.04154492458266057
66,2826,326.92,392.3,0.19998776459072554,304.95720696597965,119634.71229275381,0.04156006775221466
10,2444,727.53,873.04,0.20000549805506296,136.97458113046414,119584.28831014041,0.042482833685480115
20,2290,253.2,303.84,0.19999999999999996,393.4915549715681,119558.47406256125,0.12206829507044015
61,2569,243.5,292.2,0.19999999999999996,408.68551645668055,119417.90790864205,0.12349102707718285
106,1754,292.03,350.44,0.2000136972228881,340.18455785734807,119214.27645552906,0.04155140654961753
73,1962,512.19,614.63,0.20000390480095254,193.88436031569097,119167.14438083314,0.04163765240214545
93,2581,511.19,613.43,0.20000391243960158,194.20674519547316,119132.2437052591,0.043788816120015506
126,2581,564.6,677.52,0.19999999999999996,175.5945203117084,118968.79940158868,0.041658251621974896
89,2569,238.62,286.34,0.19998323694577147,415.114336435228,118863.83909486317,0.10444031883854143
39,1558,512.19,614.63,0.20000390480095254,193.35687396343675,118842.93544414714,0.042714591680928726
94,2290,261.96,314.35,0.1999923652466027,377.59289244626467,118696.32574048331,0.04153587794179414
30,2707,236.68,284.02,0.20001690045631215,417.2475317759538,118506.64397500639,0.04613887046714349
101,1207,384.18,461.02,0.20001041178614187,256.996798319356,118480.6639611895,0.041588576833081925
67,2444,727.53,873.04,0.20000549805506296,135.314432877886,118134.91247970959,0.042486450798443265
20,2581,562.6,675.12,0.19999999999999996,174.92996966201056,118098.72111821658,0.04263975325928804
58,2581,547.08,656.5,0.20000731154492946,179.63958348379632,117933.38655711229,0.04366630627200663
109,2290,299.79,359.75,0.20000667133660222,327.5838314206283,117848.28335357104,0.04155459025227248
110,1558,512.19,614.63,0.20000390480095254,191.54160206663127,117727.21487821358,0.041640156793612326
93,1962,511.19,613.43,0.20000391243960158,191.85239129597673,117688.012392691,0.04271834333891
52,1525,319.13,382.96,0.2000125340770218,307.1439807088342,117623.85885225513,0.04328565840845233
126,1885,159.14,190.97,0.20001256755058439,615.7316520393822,117586.27358996082,0.04149895800285053
51,1525,319.13,382.96,0.2000125340770218,306.64664504391374,117433.3991860172,0.02860869317312542
67,2664,243.53,292.24,0.20001642508109896,401.1096912288149,117220.29616470887,0.10616199318792763
124,1558,563.6,676.32,0.19999999999999996,173.12882907509055,117090.48968006525,0.041661471297186004
186,1962,511.19,613.43,0.20000391243960158,190.78780823047512,117034.96520282034,0.04379265992133552
59,2581,564.6,677.52,0.19999999999999996,172.7402136009673,117034.94951892737,0.041661987130368505
65,2569,243.5,292.2,0.19999999999999996,400.036810940537,116890.75615682491,0.11721850169007708
73,1558,512.19,614.63,0.20000390480095254,189.89304537302934,116713.96247762503,0.04271842931344372
11,2444,728.53,874.24,0.20000549050828376,133.4696776872191,116684.53102127444,0.04173062218124468
137,2760,161.99,194.39,0.2000123464411383,600.087121004861,116650.93545213493,0.10064897364370828
75,2826,326.92,392.3,0.19998776459072554,297.0519612912169,116533.4844145444,0.041563532421900806
65,1109,286.21,343.45,0.19999301212396503,339.24538820165594,116513.82857785873,0.04154788443629054
72,2444,485.03,582.04,0.20000824691256214,199.93254883567198,116368.74072431451,0.10043849508574532
124,1109,309.43,371.32,0.20001292699479678,313.00861949884154,116226.36059230984,0.041561397522625
66,1062,161.08,193.3,0.20002483238142532,599.7195577799773,115925.79051886962,0.028566129941386076
65,2581,513.19,615.83,0.200003897192073,188.05582666637451,115810.41973595343,0.04164399710971989
61,2826,327.92,393.5,0.1999878019029031,294.2798237021834,115799.11062680918,0.041564798395194336
75,2664,242.5,291.0,0.19999999999999996,397.7781316946759,115753.43632315069,0.12293552593738888
64,2290,297.79,357.35,0.20000671614224785,323.8655308686655,115733.34745591761,0.0415559901981869
43,2322,374.42,449.3,0.19998931680999954,257.53779534335473,115711.73144776929,0.04305368646382102
39,1727,423.95,508.74,0.19999999999999996,227.24232963489234,115607.26277845513,0.041606867353156995
61,1109,289.09,346.91,0.20000691826074934,332.38515310803353,115307.73346470793,0.04345250419420643
108,1525,321.13,385.36,0.20001245601469808,299.2141855307572,115305.1785361326,0.028610926940665027
177,1962,549.08,658.9,0.20000728491294506,174.67232349460267,115091.5939505937,0.04166080284522111
80,1558,562.6,675.12,0.19999999999999996,170.13495718266336,114861.51229315969,0.04166550608500308
94,1754,290.03,348.04,0.20001379167672328,330.00876803406925,114856.25162657746,0.041555023311121264
51,1778,190.12,228.14,0.1999789606564275,503.2551767728233,114812.63602895189,0.047226968215611786
86,2664,276.48,331.78,0.20001446759259234,345.9961918213526,114794.61652248836,0.12776703034418724
89,2664,241.53,289.84,0.20001656108971955,395.5641664073995,114650.31799152067,0.10513767659529616
10,2760,162.99,195.59,0.20001227069145333,585.2248323903049,114464.12496721973,0.11276643100205996
59,1727,466.63,559.96,0.20000857210209388,204.36738044707994,114437.55835514689,0.041628018444007986
124,1885,159.14,190.97,0.20001256755058439,598.7901326625715,114350.95163457128,0.028564623595634053
99,1062,191.15,229.38,0.19999999999999996,498.3230756610182,114305.34709512435,0.04151181929194658
24,2867,726.53,871.84,0.2000055056226171,130.98731691417538,114199.98237845468,0.04249735516208786
65,2707,202.76,243.31,0.19999013612152305,469.01402671452144,114115.80283991022,0.041514966552837596
67,2640,321.13,385.36,0.20001245601469808,296.0864404121619,114099.8706772307,0.04156856009225296
97,2664,248.38,298.06,0.2000161043562283,382.6637827049717,114056.76707304387,0.11132152406195261
76,2444,485.03,582.04,0.20000824691256214,195.9139169893192,114029.73624446335,0.1005426309975962
143,1109,299.76,359.71,0.19999332799572977,316.72253573011517,113928.26332747973,0.04155626593426731
99,1778,190.18,228.22,0.20002103270585758,498.81976430717543,113840.64661018358,0.04151564642267802
152,2569,244.5,293.4,0.19999999999999996,387.9394407059365,113821.43190312176,0.11945387706170085
42,1962,549.08,658.9,0.20000728491294506,172.55383111073684,113695.7193188645,0.041663593104606544
34,2826,327.92,393.5,0.1999878019029031,288.92342672805324,113691.36841748895,0.04156729956701577
72,1445,484.03,580.84,0.2000082639505818,195.6147454007544,113620.86871857419,0.10030604250951991
76,1445,484.03,580.84,0.2000082639505818,195.5950897991268,113609.45195892482,0.1003060886342878
72,1993,158.11,189.73,0.19998735057871087,597.6731383688752,113396.5245427267,0.028561465462004665
67,2490,277.45,332.94,0.19999999999999996,340.5912652936827,113396.4558668787,0.04154872095622719
61,1962,548.08,657.7,0.2000072982046417,172.24217802208824,113283.68048512745,0.041664011849158356
146,1962,512.19,614.63,0.20000390480095254,184.27787326766932,113262.7092465076,0.042724956887185805
145,2290,267.75,321.3,0.19999999999999996,352.4831970386027,113252.85120850305,0.04154478784059801
58,1727,447.23,536.68,0.20000894394383195,210.91462497563825,113193.66093192552,0.041622057324038786
76,2290,259.99,311.99,0.20000769260356166,362.723036955273,113165.96029967563,0.04365374220989027
177,1778,158.17,189.8,0.199974710754252,595.7310431267044,113069.75198544851,0.028559990180077266
39,1971,291.06,349.27,0.1999931285645571,322.97108609168697,112804.1112392435,0.04155380351994753
50,1445,582.03,698.44,0.20000687249798133,160.6452195361912,112201.04713285739,0.11448878869124124
137,1525,319.13,382.96,0.2000125340770218,292.8826005560614,112162.32070894926,0.04157004157474964
76,2707,232.8,279.36,0.19999999999999996,401.0198558467275,112028.9069293418,0.043886459897594876
57,1754,330.83,397.0,0.2000120908019225,282.17081812403643,112021.81479524246,0.041575105655238254
153,2707,238.65,286.38,0.19999999999999996,390.9537547974292,111961.33629888778,0.041533703044424275
30,1727,465.63,558.76,0.20000859051177966,200.32527507664375,111933.75070182545,0.04163194162374395
65,2664,235.77,282.92,0.19998303431310172,395.6294434585566,111931.48214329484,0.11490438449854001
108,1445,727.53,873.04,0.20000549805506296,128.08870189078664,111826.56029873237,0.041743116472972464
52,1445,728.53,874.24,0.20000549050828376,127.90000539024965,111815.30071237186,0.041743572227439296
50,2290,262.87,315.44,0.1999847833529882,354.3022903795168,111761.11447731478,0.10407536449878563
61,1754,323.07,387.68,0.1999876187823073,287.91873996594654,111620.33710999816,0.04156774501116656
174,1062,188.21,225.85,0.1999893735720737,493.9369568746471,111555.66171013904,0.0444188367820918
94,1962,512.19,614.63,0.20000390480095254,181.48254987433623,111544.61962926328,0.04165164450103109
53,2707,235.71,282.85,0.19999151499724244,394.3047958209956,111529.11149796861,0.04615906051296692
126,1727,464.63,557.56,0.20000860900071005,199.9234939149991,111469.34326724689,0.04163234334511767
76,1109,281.33,337.6,0.20001421817794074,330.0138364526927,111412.67118642907,0.041555100752720286
102,2664,255.17,306.2,0.1999843241760395,363.72713803657314,111373.24966679869,0.12504316679105754
124,1993,158.14,189.77,0.20001264702162658,586.3016280161853,111262.4599486315,0.02856561926525747
86,2826,378.33,454.0,0.20001057278037693,244.4634231294434,110986.39410076731,0.04159652746884446
39,2581,512.19,614.63,0.20000390480095254,180.5593695182886,110977.20528702572,0.04165276290894815
14,1727,466.63,559.96,0.20000857210209388,198.0620917063712,110906.84887189962,0.04163420272477847
55,1962,563.6,676.32,0.19999999999999996,163.9173726339696,110860.59745980632,0.04265360529404516
101,1109,296.85,356.22,0.19999999999999996,311.0144956011077,110789.58362302658,0.04155980724095931
24,2569,234.74,281.69,0.20000852006475234,393.216830311521,110765.24893045235,0.12044174640967364
30,1993,160.11,192.13,0.19998750858784575,576.1563623697239,110696.92190209504,0.04149873493113598
80,1062,188.24,225.89,0.20001062473438158,489.50064954392576,110573.30172547739,0.041515228926179426
26,1778,154.23,185.08,0.20002593529144796,597.3827334894435,110563.5963142262,0.09419409256456623
88,2290,242.53,291.04,0.20001649280501388,379.0363857638117,110314.74971269978,0.0415399613990155
106,1062,155.26,186.31,0.19998711838206895,591.8512496716021,110267.80632631619,0.028561891472045464
152,1962,512.19,614.63,0.20000390480095254,179.17742066730767,110127.81806474732,0.04273124061547229
13,1543,484.03,580.84,0.2000082639505818,189.55205389064312,110099.41498184115,0.042782087146948644
186,2581,512.19,614.63,0.20000390480095254,178.71245875849323,109842.0385267327,0.04273183128055724
93,1109,309.43,371.32,0.20001292699479678,295.6200128293022,109769.62316377649,0.04510592862302554
157,1754,282.33,338.8,0.200014167817802,323.97267994868025,109761.94396661287,0.041557335044661525
126,1993,154.26,185.11,0.1999870348761832,592.8194627364096,109736.81074713678,0.04503866655210709
109,1754,318.22,381.86,0.199987430079819,287.22583524690145,109680.0574473818,0.041568042568083
42,1778,142.59,171.11,0.2000140262290484,639.7713518051696,109471.27600738258,0.09325950179291975
104,1993,156.17,187.4,0.1999743868860857,583.0418699754205,109262.0464333938,0.048436868649767706
137,2539,156.17,187.4,0.1999743868860857,582.8526083822497,109226.5788108336,0.04843689427533171
137,2569,242.53,291.04,0.20001649280501388,374.5436664822935,109007.1886930067,0.11716220109838338
108,2704,319.13,382.96,0.2000125340770218,284.5375041915825,108966.48260520844,0.03209308856397419
24,2444,726.53,871.84,0.2000055056226171,124.97280846855146,108956.29333522191,0.04251219221221192
58,2290,297.79,357.35,0.20000671614224785,304.88973940950115,108952.34837798524,0.04156362065222541
14,1885,159.11,190.93,0.199987430079819,570.5692362415822,108938.78427560529,0.04149939521288826
42,2290,299.79,359.75,0.20000667133660222,302.3194342962719,108759.4164880838,0.04156471953002361
99,1993,157.14,188.57,0.20001272750413657,576.1647575100833,108647.38832367641,0.028566460911557456
110,2826,327.92,393.5,0.1999878019029031,275.9300749938225,108578.48451006915,0.04157377023846709
13,1803,192.09,230.51,0.20001041178614187,470.8929399170486,108545.53158027887,0.04151839506643251
104,2867,726.53,871.84,0.2000055056226171,124.4191941438026,108473.63022233287,0.03028091718646908
24,2664,243.53,292.24,0.20001642508109896,371.07089117667147,108441.75723747048,0.12140258306690821
104,2490,291.03,349.24,0.20001374428753071,309.9984105668815,108263.8449063777,0.041562781316666686
59,1445,727.53,873.04,0.20000549805506296,124.00126683619514,108258.06599867181,0.028740816579569395
177,1727,447.23,536.68,0.20000894394383195,201.6467276096294,108219.7657735359,0.041630708707053765
91,1962,564.6,677.52,0.19999999999999996,159.570820011939,108112.4219744889,0.041680952532261895
145,1109,307.49,368.99,0.20000650427656175,292.8545162784981,108060.38796160303,0.04335601663690847
129,2290,297.79,357.35,0.20000671614224785,301.839926334205,107862.49767552817,0.04523884722141902
152,2290,216.31,259.57,0.19999075401044797,415.2295525911497,107781.13496608472,0.11851709411054279
68,2290,261.96,314.35,0.1999923652466027,342.7776809558306,107752.16400846535,0.04154655811905672
67,1778,187.21,224.65,0.19998931680999954,479.240928583723,107661.47460633337,0.04151300773053768
13,1971,346.35,415.62,0.19999999999999996,258.7861861917291,107556.71470500644,0.04158557145952846
94,2581,512.19,614.63,0.20000390480095254,174.94204917168975,107524.63168239567,0.042736736958494004
51,1062,188.21,225.85,0.1999893735720737,474.56985398514485,107181.60152254497,0.04151383378108031
81,1962,513.19,615.83,0.200003897192073,174.04327083129346,107181.06747603546,0.04166099291027492
65,2640,320.13,384.16,0.20001249492393725,278.84616082281536,107121.54114169275,0.04157685856169124
109,1109,282.33,338.8,0.200014167817802,315.91263131066404,107031.19948805298,0.04156046210477671
43,1198,171.75,206.1,0.19999999999999996,517.9062872409277,106740.48580035519,0.10266875360700978
51,2490,291.03,349.24,0.20001374428753071,304.85583267671825,106467.85100401708,0.041564942021750206
77,1727,268.75,322.5,0.19999999999999996,329.7862019084805,106356.05011548496,0.0969538848998327
126,1109,280.39,336.47,0.20000713292200167,315.6553436625233,106208.55348212922,0.0415592565490539
43,1445,485.03,582.04,0.20000824691256214,182.2373751942534,106069.44185806323,0.10057709586585539
80,2569,272.63,327.16,0.20001467189964428,323.876376167594,105959.39522699006,0.12640359462154926
67,1062,189.15,226.98,0.19999999999999996,466.3697818751028,105856.61309001083,0.04151727887714862
26,1962,549.08,658.9,0.20000728491294506,160.5542990409908,105789.22763810883,0.04168078703179867
80,1885,158.17,189.8,0.199974710754252,556.8926153505397,105698.21839353244,0.041498742307560454
101,2322,384.12,460.94,0.19998958658752475,229.14363300597586,105621.46619777451,0.044459934779522814
104,2664,254.14,304.97,0.20000786967813045,345.8742191889792,105481.260626063,0.1218653111808724
39,2290,251.26,301.51,0.19999204011780636,349.8400469002231,105480.27254088628,0.04154415933006994
65,1062,163.02,195.62,0.1999754631333579,538.78594511675,105397.30658373864,0.028565000984590694
36,2444,728.53,874.24,0.20000549050828376,120.39190078052646,105251.41533836746,0.04176292497757805
113,2581,549.08,658.9,0.20000728491294506,159.72640413921977,105243.7276873319,0.041682068552125195
143,1962,548.08,657.7,0.2000072982046417,159.8358474667091,105124.03687885459,0.04268895559261743
43,2444,486.03,583.24,0.20000822994465373,180.13302325291238,105060.78448202861,0.10063032167887442
74,1558,513.19,615.83,0.200003897192073,170.33749340251947,104898.93856207357,0.04166595506375381
143,2290,298.79,358.55,0.20000669366444646,292.4208777336159,104847.50571138799,0.041569169471846745
10,1445,728.53,874.24,0.20000549050828376,119.85800763365096,104784.66459364301,0.04176439343308935
106,2826,327.92,393.5,0.1999878019029031,266.1887837915193,104745.28642196285,0.041579035650570084
17,2707,239.62,287.54,0.1999833069025958,363.86099560410634,104624.59067600474,0.041538162762937314
145,1754,328.83,394.6,0.20001216434023683,265.1155045578075,104614.57809851086,0.0415841717294686
101,2707,234.74,281.69,0.20000852006475234,371.2094371210558,104565.98634263022,0.04387705870312175
73,2569,243.5,292.2,0.19999999999999996,357.8263957746763,104556.87284536041,0.11746281512796086
53,1754,319.16,382.99,0.19999373355057015,272.93147345278265,104530.02501768123,0.043298852218483064
145,2664,244.5,293.4,0.19999999999999996,355.7349512806978,104372.63470575673,0.1268897525067082
177,2581,548.08,657.7,0.2000072982046417,158.64875180333414,104343.28406105287,0.04168375918780709
24,1543,484.03,580.84,0.2000082639505818,179.25338901708028,104117.53847668091,0.04392765045624081
186,1062,153.26,183.91,0.19998695028056912,565.963746068257,104086.39253941315,0.02856401054641622
43,1971,344.35,413.22,0.19999999999999996,251.8489845337483,104069.03738903548,0.04318711239272166
129,1062,153.26,183.91,0.19998695028056912,565.8667320106155,104068.55068407228,0.10923366582639427
61,2664,237.68,285.22,0.20001682935038723,364.6097826312089,103994.0022020734,0.11980971839689591
93,1778,162.02,194.42,0.19997531168991478,534.8614088623308,103987.75511101434,0.07609620060581535
32,2664,239.62,287.54,0.1999833069025958,361.2814135419591,103882.85764985494,0.11629008512159256
14,2707,237.71,285.25,0.19999158638677383,363.88660419549007,103798.65384676354,0.041539693942828304
23,2444,484.03,580.84,0.2000082639505818,178.47712718981077,103666.6545569297,0.10053990328563078
124,2569,270.69,324.83,0.20000738852561972,319.00579216779846,103622.65146986597,0.12698927199787513
132,1727,464.63,557.56,0.20000860900071005,185.78229047843536,103584.7738791564,0.042833940142688154
51,2569,241.53,289.84,0.20001656108971955,356.8284429402267,103423.1559017953,0.10494706810046062
34,2581,512.19,614.63,0.20000390480095254,168.2673110872124,103422.13741353335,0.04166882365171565
110,2581,512.19,614.63,0.20000390480095254,168.04572193955812,103285.94207571061,0.04274627917304041
61,2581,547.08,656.5,0.20000731154492946,157.18770003362934,103193.72507207766,0.04369932514268604
65,1727,418.1,501.72,0.19999999999999996,205.16304335851615,102934.40211383473,0.04162566874054707
146,2640,319.13,382.96,0.2000125340770218,268.57489117803294,102853.44032553949,0.045013796713802456
137,2664,242.53,291.04,0.20001649280501388,353.3781415403283,102847.17431389715,0.11739298421323752
39,1062,159.11,190.93,0.199987430079819,538.6180368149188,102838.34176907245,0.028566557056977637
41,2581,563.6,676.32,0.19999999999999996,151.96936856543107,102779.92334817235,0.041693395270312905
75,1571,581.03,697.24,0.2000068843261107,147.39176959217033,102767.43743044484,0.04359964348786005
99,2664,239.59,287.51,0.20000834759380592,357.2977283409701,102726.6698753123,0.12041326247613315
34,1754,292.03,350.44,0.2000136972228881,293.08641148655437,102709.20204134811,0.04157016361186139
57,2664,250.32,300.38,0.19998402045381902,341.5625026413197,102598.54454339962,0.12330254475277569
34,2290,260.96,313.15,0.19999233599019006,327.5927279792856,102585.66276671327,0.0415519218251964
10,2490,275.54,330.65,0.20000725847426848,309.6844520255686,102397.16406225425,0.04156170519136482
11,2569,241.53,289.84,0.20001656108971955,352.66157156947304,102215.42990369606,0.12412256168688829
52,1803,180.42,216.5,0.19997782950892362,471.7797190839348,102140.3091816719,0.041512184201796476
157,1558,511.19,613.43,0.20000391243960158,166.4038439578103,102077.10999903956,0.04275077088172441
53,2290,297.79,357.35,0.20000671614224785,285.3932186896801,101985.2666987572,0.04157251719328736
77,1962,513.19,615.83,0.200003897192073,165.59577574192468,101978.84657514948,0.04167262818878048
145,1778,160.05,192.06,0.19999999999999996,530.5876268745645,101904.65961752887,0.02867361280524472
113,1778,153.29,183.95,0.20001304716550328,553.9800751774177,101904.63482888597,0.03881259075303045
132,2569,241.53,289.84,0.20001656108971955,351.3336805952514,101830.55398372766,0.105385142179927
52,1311,150.41,180.49,0.1999867030117679,562.946656450204,101606.24202269733,0.041500202519691776
65,2490,281.36,337.63,0.1999928916690361,300.927967630594,101602.30971111746,0.041562764362035876
149,1062,154.29,185.15,0.2000129626028908,548.3916022481477,101534.70515624456,0.03526852617184184
102,2581,549.08,658.9,0.20000728491294506,154.04728745560004,101501.75770449487,0.04169123063537716
42,1109,311.43,373.72,0.20001284397777996,270.89618172245497,101239.32103331588,0.04158110228517886
89,1754,319.16,382.99,0.19999373355057015,264.3386311464858,101239.0523427926,0.041581183070635075
75,1558,548.08,657.7,0.2000072982046417,153.76319151557647,101130.05105979466,0.04269899036409941
32,1727,423.95,508.74,0.19999999999999996,198.78519559474506,101129.9804068706,0.041631877043168064
132,1062,193.09,231.71,0.2000103578642085,435.2624870900482,100854.67088363507,0.041525288206974875
17,2290,299.79,359.75,0.20000667133660222,279.8657642209054,100681.70867847072,0.04157525660806183
157,2581,511.19,613.43,0.20000391243960158,164.0470076539162,100631.35590514181,0.041674894204886015
92,1962,511.19,613.43,0.20000391243960158,163.96097050344977,100578.57813593118,0.04382838269554912
26,1754,330.83,397.0,0.2000120908019225,253.1738650700731,100510.02443281902,0.041591222096227565
152,1062,155.2,186.24,0.20000000000000018,539.3948716636838,100456.90089864448,0.028568100614235536
89,1993,156.17,187.4,0.1999743868860857,534.3363280038319,100134.6278679181,0.04500128171786877
58,1558,547.08,656.5,0.20000731154492946,152.04381552674823,99816.76489331022,0.043708262618326166
89,1062,189.18,227.02,0.2000211438841315,438.9010127515834,99639.30791486446,0.04152653570341103
36,1558,564.6,677.52,0.19999999999999996,147.0520397294635,99630.69795750611,0.04170212943770435
30,2569,246.41,295.69,0.19999188344628882,336.9281034933286,99626.27092194233,0.11920366990038622
32,1109,298.76,358.51,0.19999330566340867,277.6293420301873,99532.89541124244,0.04523697036313479
186,1754,292.03,350.44,0.2000136972228881,283.9596362560845,99510.81492958225,0.04157451798730105
92,1558,513.19,615.83,0.200003897192073,161.44486245854898,99422.58964784823,0.0416787915473813
104,1062,182.39,218.87,0.20001096551346031,454.18741820930376,99408.00022347031,0.04152159966350666
20,1754,320.16,384.19,0.19999375312343814,258.60763748912274,99354.46824694607,0.041584515137122136
17,2867,486.03,583.24,0.20000822994465373,170.1375675425926,99231.0348935417,0.10085022984816694
106,1558,512.19,614.63,0.20000390480095254,161.33406203843265,99160.75455068186,0.04167896182942443
14,2290,250.32,300.38,0.19998402045381902,330.0210540377447,99131.72421185776,0.1269731841677949
23,1727,466.63,559.96,0.20000857210209388,176.9617251852189,99091.48763471519,0.04165810244518853
146,1558,511.19,613.43,0.20000391243960158,161.48469984292376,99059.55942464471,0.043832278301784156
80,2290,212.43,254.92,0.20001882973214702,388.48713372347146,99033.14012878735,0.11899950525864156
10,2704,319.13,382.96,0.2000125340770218,258.2062541424434,98882.66708639012,0.04502020018273134
50,2664,245.44,294.53,0.2000081486310299,335.53131700895455,98824.03879864738,0.121796518471469
36,1445,727.53,873.04,0.20000549805506296,113.07655127086831,98720.35232151886,0.041784253253367876
146,1727,421.95,506.34,0.19999999999999996,194.86358581440348,98667.22804126506,0.044239624191897864
61,1062,159.08,190.9,0.20002514458134257,515.1329707033932,98338.88410727776,0.02857375540085716
124,1778,191.15,229.38,0.19999999999999996,428.4668607607284,98281.72852129588,0.0415248107775984
30,2444,726.53,871.84,0.2000055056226171,112.5877312990651,98158.48765577692,0.04254773581676441
143,1754,328.83,394.6,0.20001216434023683,248.70398190588503,98138.59126006224,0.0449260055940045
146,2569,243.5,292.2,0.19999999999999996,335.5087547077513,98035.65812560492,0.11769715045506657
27,2664,224.13,268.96,0.20001784678534773,364.01628585193583,97905.82024273665,0.11204889412251662
110,1109,292.97,351.56,0.19998634672492055,278.4408754478638,97888.67417245099,0.04157220212296586
29,2664,248.38,298.06,0.2000161043562283,328.0564432565199,97780.50347703832,0.11873841086669146
161,1109,291.0,349.2,0.19999999999999996,279.8167831287901,97712.0206685735,0.04533381993185459
145,2826,327.92,393.5,0.1999878019029031,248.13773756791207,97642.1997329734,0.04158988533578323
67,2577,319.13,382.96,0.2000125340770218,254.87047869680308,97605.1985217277,0.04502237104573181
104,2322,382.18,458.62,0.20001046627243713,212.798782747193,97593.77774351765,0.04306136431287677
92,2290,259.02,310.82,0.199984557177052,313.9670278388751,97587.23159287915,0.0436751421688516
83,1778,159.08,190.9,0.20002514458134257,510.71953989370553,97496.3601657084,0.02857422013993627
41,1962,562.6,675.12,0.19999999999999996,144.35149661212202,97454.58239277582,0.042688903138204726
67,2569,241.53,289.84,0.20001656108971955,336.13231299188874,97424.58959756902,0.11689445658329323
146,2664,244.47,293.36,0.1999836380742015,332.0510589763373,97410.4986612983,0.11776655508777423
57,2581,549.08,658.9,0.20000728491294506,147.7777526006322,97370.76118855656,0.041702162828967326
13,2704,319.13,382.96,0.2000125340770218,254.18398287791348,97342.29808292574,0.0433136585154541
152,2826,326.92,392.3,0.19998776459072554,247.78159627594385,97204.72021905278,0.04327235489191705
106,1885,118.34,142.01,0.20001690045631215,684.4650871270056,97200.88702290607,0.037657781498644516
66,1993,121.28,145.54,0.200032981530343,667.7823692940274,97189.04602705274,0.04149772053578027
108,1778,182.36,218.83,0.1999890326826057,443.5913472526,97071.09451928646,0.04151961349445288
145,1558,548.08,657.7,0.2000072982046417,147.38457470520217,96934.83478361147,0.04170288187717597
73,1062,146.53,175.84,0.2000272981641984,551.190211130773,96921.28672523513,0.056255122014604475
109,1803,183.39,220.07,0.2000109057200503,440.01858421367126,96834.88982790263,0.08938035981743142
10,1803,169.75,203.7,0.19999999999999996,475.04552790535433,96766.77403432067,0.047912336463850735
10,2104,640.23,768.28,0.2000062477547131,125.83239528075975,96674.5126463021,0.041748812723945594
113,2490,291.03,349.24,0.20001374428753071,276.18690890632166,96455.51606644379,0.04157846197772386
29,1558,512.19,614.63,0.20000390480095254,156.83080821028588,96392.91965028801,0.04168602679586997
36,2569,242.53,291.04,0.20001649280501388,331.1671558083822,96382.88902647156,0.11719827537308014
53,2826,378.33,454.0,0.20001057278037693,212.03787296566526,96265.19432641202,0.04162136345041734
76,2581,564.6,677.52,0.19999999999999996,141.83320166563323,96094.83079249982,0.04171206141626749
10,1543,485.03,582.04,0.20000824691256214,164.79168399361657,95915.35175164459,0.041674608773467625
88,2581,511.19,613.43,0.20000391243960158,156.3544430312252,95912.50598864447,0.04168679936520403
76,2826,377.33,452.8,0.2000106008003606,211.75620300360316,95883.20872003151,0.04162161772583062
26,1558,548.08,657.7,0.2000072982046417,145.6390416391527,95786.79768607074,0.041706109823455906
42,2581,547.08,656.5,0.20000731154492946,145.8855480664561,95773.86230562843,0.043719791288181487
99,2490,292.03,350.44,0.2000136972228881,273.24367524609806,95755.5135532426,0.04158000177645882
13,2490,291.03,349.24,0.20001374428753071,273.9300837582259,95667.34245172283,0.04346776096354754
57,1062,154.29,185.15,0.2000129626028908,516.5277131109864,95635.10608249913,0.041972656454890234
75,2707,210.55,252.66,0.19999999999999996,378.2926054908193,95579.4097033104,0.04153710232027097
43,2640,320.13,384.16,0.20001249492393725,248.39907422242712,95424.98835328761,0.04159431185836737
23,1558,564.6,677.52,0.19999999999999996,140.7010392502388,95327.7681128218,0.041714313263435776
29,1962,513.19,615.83,0.200003897192073,154.74465902424512,95296.40336690088,0.041689437578549926
174,2539,158.14,189.77,0.20001264702162658,502.1337730899455,95289.92611927897,0.028573539156068972
94,1558,513.19,615.83,0.200003897192073,154.69527582785125,95265.99171306564,0.04168951946673649
14,2444,486.03,583.24,0.20000822994465373,163.19638326605372,95182.65857609316,0.1008727657911147
126,1778,188.21,225.85,0.1999893735720737,421.32141337111557,95155.44120986645,0.041524408113139955
108,2492,293.0,351.6,0.20000000000000018,270.23119114730184,95013.28680739133,0.10932604719837236
66,2569,237.68,285.22,0.20001682935038723,333.01627899787155,94982.90309577293,0.12628830331640795
55,1754,318.16,381.79,0.19999371385466436,248.63208786061858,94925.24482430557,0.04159066732157379
177,2826,325.92,391.1,0.19998772704958268,242.5823954980235,94873.974879277,0.041593535355098576
10,1311,192.09,230.51,0.20001041178614187,410.63672694094436,94655.87192715707,0.0443817563942106
64,1109,283.24,339.89,0.20000706114955502,278.47888864380604,94652.18946114324,0.04157603565843193
58,1962,548.08,657.7,0.2000072982046417,143.83632549110376,94601.15127549895,0.04170952573022779
110,2322,359.87,431.84,0.1999888848750937,219.05432785355066,94596.42094027731,0.04465945522583903
36,1993,157.14,188.57,0.20001272750413657,501.4115110073216,94551.16863065063,0.041513692382904144
97,1727,447.23,536.68,0.20000894394383195,176.17754241702036,94550.96346436648,0.041659170267318246
11,2490,290.03,348.04,0.20001379167672328,271.37554920810953,94449.54614639045,0.04535363412146076
110,1727,447.23,536.68,0.20000894394383195,175.54782798075416,94213.00832071113,0.041659978562065936
99,2322,389.0,466.8,0.19999999999999996,201.58530693607983,94100.02127776206,0.04162910300308287
20,1558,562.6,675.12,0.19999999999999996,139.25352422298835,94012.83927342389,0.0426991959775882
106,2581,513.19,615.83,0.200003897192073,152.6235290487008,93990.14789406142,0.04169300260965236
51,2539,159.14,190.97,0.20001256755058439,491.5126964859623,93864.17964792422,0.028574721057798236
66,1558,513.19,615.83,0.200003897192073,152.35318772010675,93823.66359367334,0.041693464108673806
11,1971,344.35,413.22,0.19999999999999996,226.8102520306247,93722.53234409474,0.04160720017471198
92,1971,291.06,349.27,0.1999931285645571,268.0002224453751,93604.43769349615,0.041579018477909346
43,1525,319.13,382.96,0.2000125340770218,244.29249535747078,93554.25402209701,0.041597006080232535
23,1778,182.39,218.87,0.20001096551346031,426.63235911067625,93377.02443855371,0.044528543076652216
67,2867,727.53,873.04,0.20000549805506296,106.86581940925764,93298.13497705829,0.04180465062835559
75,2704,320.13,384.16,0.20001249492393725,242.70132421408388,93236.14071008247,0.04331597239962226
83,1727,445.23,534.28,0.20000898412056678,174.44804566504965,93204.10183792272,0.04289983686744547
97,2707,194.0,232.8,0.19999999999999996,400.29180400059124,93187.93197133765,0.09881716868217316
99,1754,318.16,381.79,0.19999371385466436,244.03638765842715,93170.6524441109,0.041593674382678136
174,2490,292.03,350.44,0.2000136972228881,265.8081518979319,93149.80875111125,0.041584066632356365
10,2640,321.13,385.36,0.20001245601469808,241.67635423399685,93132.39986761303,0.04159875090293641
162,2581,513.19,615.83,0.200003897192073,151.1201867849186,93064.34462775642,0.04169558989487221
99,2444,726.53,871.84,0.2000055056226171,106.6540017284921,92985.22486696857,0.041805389573109974
32,2826,325.92,391.1,0.19998772704958268,237.61075744499811,92929.56723673877,0.044959016893593495
65,1993,118.34,142.01,0.20001690045631215,653.6909040114125,92830.64527866068,0.04149601716792095
24,1445,728.53,874.24,0.20000549050828376,106.1711767233522,92819.08953862343,0.041807078894170346
73,2581,511.19,613.43,0.20000391243960158,151.20316036055078,92752.55465997267,0.04277534594532706
42,2867,582.03,698.44,0.20000687249798133,132.78442694201075,92741.955153378,0.1145077116907488
174,1445,728.53,874.24,0.20000549050828376,106.06844585090907,92729.27810069875,0.04180744091985922
50,2569,245.44,294.53,0.2000081486310299,314.8190656762482,92723.65941362538,0.12229563499415408
83,2826,327.92,393.5,0.1999878019029031,235.57937316430807,92700.48334015522,0.04159841420685173
101,2290,276.45,331.74,0.20000000000000018,279.3867405324866,92683.7573042471,0.04157425896961797
68,2581,511.19,613.43,0.20000391243960158,151.01411798801715,92636.59039738936,0.04385016214253323
81,2826,326.92,392.3,0.19998776459072554,236.13409336696762,92635.4048278614,0.041598011383043865
75,1445,726.53,871.84,0.2000055056226171,106.2215073848358,92608.15899839524,0.04256923004513613
104,1803,199.88,239.86,0.20002001200720443,386.0742541399371,92603.77059800533,0.04153870558520911
110,2569,235.77,282.92,0.19998303431310172,327.18565379852436,92567.36517267852,0.12374226031366609
67,1525,321.13,385.36,0.20001245601469808,240.11199488898785,92529.55835042037,0.041599821244474366
10,2867,648.02,777.62,0.1999938273510078,118.89429605216675,92454.5824960859,0.10045722938082802
52,1216,435.56,522.67,0.1999954082101203,176.78265931135613,92398.9925422665,0.04165587651140212
76,1727,466.63,559.96,0.20000857210209388,164.73646874402843,92245.83303790617,0.04167475013721078
110,1062,157.2,188.64,0.19999999999999996,487.72673596363745,92004.77147218057,0.031993077311837426
43,2539,157.14,188.57,0.20001272750413657,487.8131049896506,91986.91720789841,0.04151590013972506
68,1062,158.17,189.8,0.199974710754252,484.3466898651602,91929.00173640742,0.02857068216851255
66,1971,291.06,349.27,0.1999931285645571,263.03803090231224,91871.2930532506,0.0415818131549025
132,2490,290.03,348.04,0.20001379167672328,263.6849405517475,91772.9067096302,0.045358270295949854
10,1971,344.35,413.22,0.19999999999999996,222.01833940935964,91742.4182107356,0.04479528048492165
99,1230,380.27,456.32,0.19998948115812443,201.04060151899293,91738.84728514685,0.04307594798610792
99,1445,728.53,874.24,0.20000549050828376,104.91279059934604,91718.95805357228,0.041811562301860894
57,2290,297.79,357.35,0.20000671614224785,256.56164735092017,91682.30468085133,0.04158815127373405
132,1525,321.13,385.36,0.20001245601469808,237.87140446775578,91666.12442569438,0.04160137878396364
81,1558,513.19,615.83,0.200003897192073,148.70329857022966,91575.95235850454,0.041699859038697884
23,1062,195.03,234.04,0.2000205096651797,391.20011125761476,91556.47403873215,0.0415374503372975
30,2322,389.0,466.8,0.19999999999999996,195.90681061748566,91449.29919624231,0.04163481126581281
17,2444,727.53,873.04,0.20000549805506296,104.7355686160713,91438.34082457489,0.04257357547476581
132,1778,183.33,220.0,0.20002181857851942,414.90866125450384,91279.90547599085,0.04746287106910008
124,2322,383.21,459.85,0.1999947809295166,198.4264453043506,91246.40087320562,0.04163126604975864
126,2490,292.03,350.44,0.2000136972228881,260.25403012392013,91203.42231662657,0.04158725448602496
88,1962,513.19,615.83,0.200003897192073,148.04112742346135,91168.16750119021,0.04170105300507676
129,1962,549.08,658.9,0.20000728491294506,138.2403722379611,91086.58126759257,0.04172069417236357
94,1062,158.17,189.8,0.199974710754252,479.6125454054939,91030.46111796275,0.028571246624993774
75,1727,447.23,536.68,0.20000894394383195,169.61414132700153,91028.51736737517,0.04166788963254464
81,1778,158.14,189.77,0.20001264702162658,479.6405468253666,91021.38657104982,0.038718138534966084
14,1558,562.6,675.12,0.19999999999999996,134.5103178159129,90810.60576387912,0.042709472971541484
55,1109,311.43,373.72,0.20001284397777996,242.90120922697534,90777.03991230523,0.04159799467018943
17,1885,159.11,190.93,0.199987430079819,475.1258460710167,90715.77779033923,0.04494954129161921
65,1878,320.13,384.16,0.20001249492393725,236.07138965173257,90689.1850486096,0.04160265871326663
97,1885,135.86,163.03,0.19998527896363893,555.4828354103678,90560.36665695226,0.04150088582050404
153,1062,190.15,228.18,0.19999999999999996,396.2891497583389,90425.25819185778,0.04153233563779002
81,1109,297.82,357.38,0.19998656906856493,253.00708288920364,90419.6712829436,0.04158657673672572
110,2707,202.76,243.31,0.19999013612152305,371.50174287692977,90390.08905938578,0.041537187758215244
94,2826,325.92,391.1,0.19998772704958268,231.1137680251303,90388.59467462846,0.04496407552267134
66,2707,202.79,243.35,0.20000986241925145,371.1520981762048,90319.86309117943,0.04154095462524876
32,1971,291.06,349.27,0.1999931285645571,258.53930700536586,90300.02375776412,0.04158443951065405
53,1885,158.14,189.77,0.20001264702162658,475.78319311834395,90289.37655806814,0.04497499027401708
153,2569,245.44,294.53,0.2000081486310299,306.4899955886983,90270.4984007393,0.11830601382558636
126,1062,191.09,229.31,0.20001046627243713,393.47185585352315,90227.0312657714,0.047229021902651436
177,1558,547.08,656.5,0.20000731154492946,137.20593794075805,90075.69825810766,0.04172286389141222
36,1778,190.18,228.22,0.20002103270585758,394.639482134363,90064.62261270432,0.04153666284955193
52,2322,372.51,447.01,0.19999463101661696,201.30565432571296,89985.64054013696,0.041628376667725564
24,1971,349.2,419.04,0.20000000000000018,214.64827297836865,89946.21230885561,0.04475795983292874
174,2704,320.13,384.16,0.20001249492393725,234.13518345954822,89945.37207782005,0.041604049536175136
137,1558,564.6,677.52,0.19999999999999996,132.7021088395247,89908.33278095478,0.04173131735566826
52,2760,162.99,195.59,0.20001227069145333,459.6551739765769,89903.95547807869,0.1125314514121799
101,2444,493.73,592.48,0.20000810159398852,151.29018376714896,89636.40807836041,0.10191884339763213
88,2664,246.44,295.73,0.200008115565655,302.9413086118511,89588.83319578273,0.12077842679575856
14,1754,318.16,381.79,0.19999371385466436,234.62210940502328,89576.37514974385,0.043328934091482196
55,2826,378.33,454.0,0.20001057278037693,197.14659655510943,89504.55483601968,0.04309130207135414
26,2290,271.63,325.96,0.20001472591392688,274.5151197644162,89480.9484384091,0.04157952009315591
50,1778,151.35,181.62,0.20000000000000018,492.60880145926797,89467.61052103226,0.10516114850035263
139,2664,241.56,289.87,0.19999172048352376,308.5559584505007,89441.11567604664,0.11926702759607788
102,1727,446.23,535.48,0.2000089639871816,166.4574996690899,89134.66192280427,0.041672331727881984
174,1525,321.13,385.36,0.20001245601469808,231.29198817302122,89130.68056235547,0.0416061268239406
157,2290,259.96,311.95,0.1999923065086937,285.6718839503273,89115.34419830459,0.041569701438096573
80,1993,159.14,190.97,0.20001256755058439,466.4082410379699,89069.98179102111,0.04151960637762697
50,2581,548.08,657.7,0.2000072982046417,135.37452000484876,89035.82180718903,0.04172677509932565
94,2569,250.32,300.38,0.19998402045381902,296.3986339791373,89032.22167465325,0.11955215353134441
65,1885,121.31,145.57,0.19998351331299968,611.3613993773073,88995.87890735462,0.04149402445820061
88,1062,153.26,183.91,0.19998695028056912,483.2853443011651,88881.00767042727,0.04889415736579528
34,1109,295.88,355.06,0.20001351899418696,250.13573087291678,88813.19260373783,0.04159339265347739
50,1062,154.23,185.08,0.20002593529144796,479.86077808764634,88812.6328084616,0.04218926486888974
50,2826,327.92,393.5,0.1999878019029031,225.32875549096494,88666.8652856947,0.041606080357784236
72,1778,193.06,231.67,0.19998964052626111,382.53281826425285,88621.37800727945,0.0443712455945503
109,1993,157.14,188.57,0.20001272750413657,469.3557791277864,88506.41927012667,0.04842088151947166
66,1885,119.31,143.17,0.19998323694577147,617.5225456212938,88410.70285660063,0.04149332513446291
26,2569,243.5,292.2,0.19999999999999996,302.46013035358453,88378.85008931739,0.12121954470114027
99,1525,319.13,382.96,0.2000125340770218,230.3087212794412,88199.02790117479,0.028638633505889577
109,1062,188.24,225.89,0.20001062473438158,390.0510727843371,88108.63683125391,0.04153591247985866
110,1778,157.2,188.64,0.19999999999999996,466.83206159606385,88063.20009948147,0.028576082993475138
64,1754,330.83,397.0,0.2000120908019225,221.64414263934665,87992.72462782061,0.0416135308520974
72,2664,247.35,296.82,0.19999999999999996,295.8710162238565,87820.43503556508,0.11866794176551132
17,1727,464.63,557.56,0.20000860900071005,157.1654690217206,87629.17890775054,0.044054885471469074
152,1727,422.95,507.54,0.20000000000000018,172.65288364819466,87628.24456680471,0.04296564041430251
108,1062,189.15,226.98,0.19999999999999996,385.9530866221862,87603.63160150382,0.04728692848476057
51,1445,728.53,874.24,0.20000549050828376,100.12069598386317,87529.51725693254,0.04182966703920743
81,1971,290.06,348.07,0.19999310487485356,251.46849969252256,87528.64068797632,0.04158875292753239
102,1962,549.08,658.9,0.20000728491294506,132.63190224502878,87391.16038924946,0.04173283558891916
97,1445,726.53,871.84,0.2000055056226171,100.2235301142994,87378.88249485078,0.04259197819436744
101,1885,158.14,189.77,0.20001264702162658,460.3392482832362,87358.57914670974,0.0415207436192252
64,1207,356.96,428.35,0.19999439713133138,203.75070600493913,87276.61491721569,0.03914020435281329
66,1727,415.22,498.26,0.19999036655267077,175.0850354951056,87237.8697857913,0.04165711412227069
92,1727,423.95,508.74,0.19999999999999996,171.41880105918494,87207.60085084975,0.04166375861550564
161,2290,259.96,311.95,0.1999923065086937,279.35364557658124,87144.36973761451,0.041572844786920804
152,1754,283.3,339.96,0.19999999999999996,256.24934628884154,87114.52776435457,0.04158709029093299
14,1109,290.06,348.07,0.19999310487485356,250.25502049204,87106.26498266436,0.04348452322493901
129,1109,285.21,342.25,0.19999298762315498,254.3982836059658,87067.81256414179,0.04351388298277303
91,2581,562.6,675.12,0.19999999999999996,128.82732504558254,86973.90368477369,0.04174031329547101
152,2581,512.19,614.63,0.20000390480095254,141.3710364669201,86890.88014366309,0.04279195004893621
177,2664,236.68,284.02,0.20001690045631215,305.38787883871356,86736.26534777142,0.11931806614616502
108,2569,235.71,282.85,0.19999151499724244,306.23983280547,86619.93670902718,0.11516712494570924
77,2581,512.19,614.63,0.20000390480095254,140.79948887020328,86539.58984429303,0.04171484465211195
57,1962,548.08,657.7,0.2000072982046417,131.5098108363581,86494.00258707273,0.04274368094657277
126,1445,726.53,871.84,0.2000055056226171,99.09848112699954,86398.01978576329,0.04335664039029452
13,2577,321.13,385.36,0.20001245601469808,224.10662320635504,86361.72831880098,0.028641951743979766
97,1971,327.86,393.43,0.19999389983529547,219.04755112845524,86179.87804046815,0.04329051730313227
57,1727,445.23,534.28,0.20000898412056678,161.18028339647964,86115.40181307113,0.04291910064794324
67,1803,192.09,230.51,0.20001041178614187,373.48147734113684,86091.21534190545,0.04154038945482008
102,1754,330.83,397.0,0.2000120908019225,216.73488399322,86043.74894530834,0.04161758826516482
139,2290,261.96,314.35,0.1999923652466027,273.09647844805784,85847.87800014699,0.04157611200138489
157,1971,289.12,346.94,0.1999861649142225,247.34499894083842,85813.87393253448,0.041590093492268276
36,1727,464.63,557.56,0.20000860900071005,153.82577413890758,85767.0986288893,0.04169184864543374
52,2490,292.03,350.44,0.2000136972228881,244.4228638426863,85655.54840503099,0.04159713583953151
72,1062,188.24,225.89,0.20001062473438158,378.78700111382483,85564.19568160188,0.04153893984694956
93,1558,511.19,613.43,0.20000391243960158,139.30782166645963,85455.59704485633,0.043873338582152255
36,2664,242.53,291.04,0.20001649280501388,293.3285240860741,85370.333650011,0.11786569571301964
93,2826,326.92,392.3,0.19998776459072554,217.5942323884036,85362.21736597073,0.041612335863527194
157,1109,310.43,372.52,0.20001288535257533,228.80933967963318,85236.05521745695,0.041608069287830673
146,2707,204.7,245.64,0.19999999999999996,346.35149337260384,85077.7808320464,0.041546782105218893
161,2826,325.92,391.1,0.19998772704958268,217.38529491789848,85019.3888423901,0.04330075983192716
109,1778,189.15,226.98,0.19999999999999996,374.52314054564124,85009.26244104965,0.04153815874290756
186,2290,259.96,311.95,0.1999923065086937,272.30457414055286,84945.41190314546,0.041576523856100334
97,1778,155.26,186.31,0.19998711838206895,455.4327552821604,84851.6766366193,0.028575909892569307
109,1558,564.6,677.52,0.19999999999999996,125.2361398340591,84849.98946037173,0.04174914769306437
51,2704,319.13,382.96,0.2000125340770218,221.51474168054665,84831.28547398213,0.03212403872133207
59,1062,190.18,228.22,0.20002103270585758,371.66108718743084,84820.49331791546,0.04154288409390494
93,1062,154.23,185.08,0.20002593529144796,458.11093120025674,84787.17114654352,0.028580551169309243
101,1778,191.09,229.31,0.20001046627243713,369.612900206971,84755.93414646052,0.041541512382662904
32,1062,156.2,187.44,0.20000000000000018,451.99667600346396,84722.25695008929,0.028578030523832898
74,1754,288.09,345.71,0.2000069422749835,244.94417738151054,84679.65156256201,0.041595533111570826
57,1558,547.08,656.5,0.20000731154492946,128.88302095779267,84611.70325879089,0.04174154531310237
153,2826,377.33,452.8,0.2000106008003606,186.85296410600108,84607.02214719729,0.04164660496386685
129,1885,135.83,163.0,0.20002944857542504,519.009264255929,84598.51007371643,0.04151411243767966
132,2664,239.59,287.51,0.20000834759380592,294.12522482274414,84563.94338878717,0.10462501505666566
89,2867,486.03,583.24,0.20000822994465373,144.95032659037642,84540.82848057114,0.10075158259164618
124,1971,346.35,415.62,0.19999999999999996,203.30200283468912,84496.37841815349,0.041627440068396804
143,2826,325.92,391.1,0.19998772704958268,216.0090178121132,84481.12686631747,0.044977012125883786
58,1778,153.32,183.98,0.19997391077484994,458.857274914179,84420.56143871065,0.02857375577147947
55,2581,562.6,675.12,0.19999999999999996,124.87964526248759,84308.74610961061,0.042732740487177345
80,1778,193.06,231.67,0.19998964052626111,363.3079858824321,84167.56108938305,0.04153950605564516
11,1803,186.3,223.56,0.19999999999999996,376.44791120145646,84158.6950281976,0.09872915706274465
72,2490,290.03,348.04,0.20001379167672328,241.43603966119935,84029.39924368383,0.04349460732369903
80,2490,290.03,348.04,0.20001379167672328,241.19738801489348,83946.33892470354,0.04159932570165026
126,2664,242.53,291.04,0.20001649280501388,288.4271388048829,83943.83447777311,0.11320849908393149
55,1558,562.6,675.12,0.19999999999999996,124.27095290211624,83897.80572327672,0.04273433220449396
34,1062,155.2,186.24,0.20000000000000018,449.3718179753846,83691.00737973563,0.10120996314106234
20,2826,377.33,452.8,0.2000106008003606,184.72807606707516,83644.87284317163,0.04310914304407443
106,1778,161.02,193.22,0.19997515836542035,432.85804512843333,83636.83147971588,0.0285775418919495
67,2704,321.13,385.36,0.20001245601469808,216.74972365416764,83526.67350737004,0.04161764371754817
43,1216,407.43,488.92,0.20000981763738568,170.62999913172618,83424.41917548356,0.043019776208281124
42,2640,320.13,384.16,0.20001249492393725,217.1460076285316,83418.8102905767,0.04161731667908264
67,2539,158.11,189.73,0.19998735057871087,439.61860580218956,83408.83807884943,0.04497836927287824
186,2444,583.03,699.64,0.20000686071042661,119.09867523505416,83326.19714145329,0.11473550020179346
20,1727,466.63,559.96,0.20000857210209388,148.71301903013833,83273.34213611626,0.0417007136301869
11,2867,727.53,873.04,0.20000549805506296,95.34500073900362,83239.99944517972,0.028807930327278908
34,1571,583.03,699.64,0.20000686071042661,118.96870687502212,83235.26607804047,0.04176712465947785
97,1993,136.8,164.16,0.19999999999999996,506.23818002900117,83104.05963356083,0.04151057340336417
41,1754,319.16,382.99,0.19999373355057015,216.4176315318135,82885.78870036926,0.04161443905813811
83,1885,140.71,168.85,0.1999857863691279,490.42687379869244,82808.57764090922,0.04151046219688703
137,1216,417.13,500.56,0.20000958933665758,165.41854493211616,82801.90685122006,0.042995916894623676
161,1754,292.03,350.44,0.2000136972228881,235.95273206694117,82687.27542553886,0.0416029670541489
75,2640,319.13,382.96,0.2000125340770218,215.57153256950897,82555.27411281916,0.04334274316130937
36,2956,639.23,767.08,0.20000625752858903,107.43473549206513,82411.03690125332,0.04180282610705788
59,2867,726.53,871.84,0.2000055056226171,94.42547245021497,82323.90390099541,0.03035528051952796
76,1885,159.14,190.97,0.20001256755058439,431.0779161649687,82322.94965002408,0.04152658434267953
74,2290,260.96,313.15,0.19999233599019006,262.27211881893913,82130.51400815079,0.04158210647780913
20,2444,727.53,873.04,0.20000549805506296,94.01933926229422,82082.64394955334,0.04185538926199428
157,1885,119.37,143.24,0.19996649074306783,572.8983525626791,82061.96002107815,0.028560785426759883
157,2664,244.5,293.4,0.19999999999999996,279.59678815401935,82033.69764438928,0.1180588606080849
61,1885,137.77,165.32,0.19997096610292497,496.1701311037464,82026.84607407135,0.04150677230019528
108,1571,639.23,767.08,0.20000625752858903,106.92718712224249,82021.70669772977,0.04180457950545413
81,2581,512.19,614.63,0.20000390480095254,133.44220890768835,82017.58486093249,0.04173038739782442
162,1971,290.06,348.07,0.19999310487485356,235.26248551267165,81887.81333239561,0.041599628176444026
145,1207,351.17,421.4,0.19998860950536756,194.18160230876828,81828.12721291494,0.04163448990876628
32,1778,156.17,187.4,0.1999743868860857,436.4614883253018,81792.88291216156,0.028576914296025158
152,1778,161.05,193.26,0.19999999999999996,423.0743532111985,81763.34950159623,0.028582220000715086
74,1062,166.84,200.21,0.20001198753296578,408.244614309084,81734.65423082172,0.028586141850110214
43,2867,727.53,873.04,0.20000549805506296,93.58022401557041,81699.27877455359,0.041857369712436254
52,1198,166.9,200.28,0.19999999999999996,407.8260318893025,81679.3976667895,0.11339225411387
113,1727,446.23,535.48,0.2000089639871816,152.35452883992755,81582.80310320441,0.04169440681678427
51,2664,240.56,288.67,0.19999168606584639,282.61167541092374,81581.51234087136,0.10866632476195259
88,1971,291.06,349.27,0.1999931285645571,233.32938047081345,81494.95271704101,0.04160103064965193
36,1062,190.15,228.18,0.19999999999999996,356.9512951553177,81449.1465285404,0.04154337779234962
75,1878,321.13,385.36,0.20001245601469808,211.31803748353863,81433.51892465646,0.041622351914832656
129,2581,549.08,658.9,0.20000728491294506,123.53553304604972,81397.56272404216,0.04175487096918251
30,1445,728.53,874.24,0.20000549050828376,93.053104663717,81350.74622120794,0.04185977033139465
126,2867,486.03,583.24,0.20000822994465373,139.28572689646896,81237.00735509656,0.1007768276805765
129,1754,328.83,394.6,0.20001216434023683,205.86806465101964,81235.53831129236,0.04496175856939988
10,1198,171.75,206.1,0.19999999999999996,394.1445132154749,81233.18417370938,0.041532880836834374
59,1778,194.06,232.87,0.19998969390910037,348.15901745972405,81075.79039584594,0.04154427119319193
66,2664,243.5,292.2,0.19999999999999996,277.37765019193716,81049.74938608403,0.1173325890536362
75,2867,581.03,697.24,0.2000068843261107,116.123317076542,80965.82159844814,0.11447568935916597
53,1727,448.2,537.84,0.20000000000000018,150.53185590048994,80962.05337751952,0.04169588957442827
30,1062,189.18,227.02,0.2000211438841315,356.4778272881999,80927.59635096714,0.041547455537111255
93,1971,290.06,348.07,0.19999310487485356,232.34252354950183,80871.4621718751,0.04160174892502444
77,2664,243.5,292.2,0.19999999999999996,276.6113166677903,80825.82673032832,0.11776285287732224
86,1778,195.03,234.04,0.2000205096651797,344.56558734673007,80642.1300626287,0.041551188754218815
14,1230,380.3,456.36,0.19999999999999996,175.7404513826111,80200.9123929684,0.04165806389774007
13,1311,150.38,180.46,0.20002659928181954,444.38593706847473,80193.88620337695,0.12064028300446006
92,1062,153.29,183.95,0.20001304716550328,435.73543840250943,80153.5338941416,0.03219640427679793
81,2707,206.61,247.93,0.19999031992643146,323.07705739194535,80100.494839185,0.04420671672115617
110,2664,244.44,293.33,0.2000081819669448,273.01779910732796,80084.31101215251,0.11783820396866052
17,2826,378.33,454.0,0.20001057278037693,176.1371792487608,79966.2793789374,0.041659525449757595
26,2664,248.35,298.02,0.19999999999999996,268.2688615438829,79949.48611730798,0.12326555007960383
67,1571,641.23,769.48,0.2000062380113219,103.78404780240825,79859.7491029971,0.0418158160806269
149,2581,549.08,658.9,0.20000728491294506,121.08036175051802,79779.85035741632,0.0417613856871305
101,1230,385.09,462.11,0.2000051935911087,172.59051182365192,79755.80141882779,0.041663154433438376
24,2490,278.45,334.14,0.19999999999999996,238.47573666753289,79684.28265008943,0.04159863766184457
52,2539,160.11,192.13,0.19998750858784575,414.53266246461953,79644.16043932734,0.04152560496255675
153,1885,159.11,190.93,0.199987430079819,416.4558900143829,79513.92308044613,0.044962243253418355
73,1971,290.06,348.07,0.19999310487485356,228.18962076083756,79425.96129822472,0.04160485862277996
42,1754,330.83,397.0,0.2000120908019225,199.99982209293117,79399.92937089367,0.04163291601832142
146,2444,728.53,874.24,0.20000549050828376,90.79836932968884,79379.56640278717,0.02882247031167251
52,1971,345.35,414.42,0.19999999999999996,191.13025597440156,79208.2006809115,0.04163987545482839
89,1778,192.12,230.54,0.19997917967936707,342.95974227879685,79065.93898495383,0.041544045525396034
108,2664,242.53,291.04,0.20001649280501388,270.9826240684211,78866.78290887328,0.11726744845361092
143,2569,242.5,291.0,0.19999999999999996,270.93534286512164,78842.1847737504,0.12094713843807137
17,2664,242.53,291.04,0.20001649280501388,270.7088022440068,78787.08980509575,0.11790173384953351
72,2569,243.53,292.24,0.20001642508109896,269.0512545865815,78627.53864038257,0.11778470850547884
13,1216,408.37,490.04,0.19999020496118725,160.37539157815738,78590.35688896025,0.04302835604603317
24,1525,321.13,385.36,0.20001245601469808,203.66697621468052,78485.10595408929,0.04162940979479368
30,2490,292.03,350.44,0.2000136972228881,223.8162839764307,78434.17855670037,0.04161209144398548
86,2569,268.75,322.5,0.19999999999999996,243.06927911421388,78389.84251433398,0.1251187601544962
34,1727,422.95,507.54,0.20000000000000018,154.327545192995,78327.40228725268,0.04168940408436628
174,2322,387.09,464.51,0.20000516675708502,168.3976362215054,78222.38600125146,0.041668876307005887
89,2490,290.03,348.04,0.20001379167672328,224.6339221327951,78181.59025909801,0.04161146334364796
30,1778,189.21,227.05,0.1999894297341578,343.8857554202376,78079.26076816495,0.041545639198978246
86,2444,540.35,648.42,0.19999999999999996,120.37136737019964,78051.20203018484,0.10869786527408687
109,1727,464.63,557.56,0.20000860900071005,139.8062155417605,77950.35353746398,0.042906119378601115
153,2581,564.6,677.52,0.19999999999999996,114.75215924034786,77746.88292852048,0.04177810081118605
110,1971,292.03,350.44,0.2000136972228881,221.2224578056892,77525.19811342572,0.04161417135050971
132,2444,485.03,582.04,0.20000824691256214,133.08738571516017,77462.18198165183,0.10085472529105755
152,2664,243.47,292.16,0.1999835708711546,265.06722077589205,77442.03922188462,0.1173321285921779
81,1993,119.37,143.24,0.19996649074306783,540.3267883941671,77396.40916958051,0.028563699709014956
83,2707,199.88,239.86,0.20002001200720443,322.5912642600986,77376.74064542726,0.10725070323130026
143,1727,445.23,534.28,0.20000898412056678,144.6839977309873,77301.76630771189,0.04294797776090209
14,1062,193.03,231.64,0.20002072216753874,333.70586583925416,77299.62676300482,0.041554978636366036
27,1445,667.39,800.87,0.20000299674852795,96.50137167712714,77285.05353506081,0.041844065644766504
64,1778,154.23,185.08,0.20002593529144796,417.15804706133224,77207.61135011137,0.028586487812861106
99,1207,386.12,463.34,0.19998964052626111,166.61970373122608,77201.5735268263,0.04166849738861833
108,2867,728.53,874.24,0.20000549050828376,88.29667337319822,77192.48372978481,0.04188274129714675
186,1558,513.19,615.83,0.200003897192073,125.31994060229522,77175.77902111148,0.041749663574354945
162,2290,259.96,311.95,0.1999923065086937,247.29104404424115,77142.44118960103,0.04159127136390994
93,1727,422.95,507.54,0.20000000000000018,151.88749060495152,77088.9769816371,0.041693536073410975
39,2490,274.57,329.48,0.19998543176603434,233.94039651269847,77078.6818430039,0.04159915369992784
146,1571,581.03,697.24,0.2000068843261107,110.47233402637897,77025.73017655248,0.042745274147813705
11,1445,727.53,873.04,0.20000549805506296,88.16334678142275,76970.1282740533,0.041883422300659
52,1543,486.03,583.24,0.20000822994465373,131.9107883110766,76935.64817455232,0.04173464798556292
108,1558,564.6,677.52,0.19999999999999996,113.55144151234187,76933.37265344185,0.04178175787297267
83,2704,320.13,384.16,0.20001249492393725,199.96587173621722,76818.88928618521,0.04163302498532928
59,2569,243.53,292.24,0.20001642508109896,262.8567829824194,76817.26625878226,0.12129089197708787
92,1778,150.41,180.49,0.1999867030117679,424.88699655292965,76687.85400783828,0.05221707115436802
124,1062,192.06,230.47,0.19998958658752475,332.5088489703868,76633.31442220505,0.04154961875690155
67,1445,727.53,873.04,0.20000549805506296,87.77464999639133,76630.78043284948,0.0426480608320704
77,1971,290.06,348.07,0.19999310487485356,220.03135512079166,76586.31377689395,0.041611309281321285
139,1558,511.19,613.43,0.20000391243960158,124.82494940032856,76571.36871064354,0.04283219220342127
26,2581,547.08,656.5,0.20000731154492946,116.5531056833357,76517.1138811099,0.04278514666120703
124,1230,384.18,461.02,0.20001041178614187,165.52108981683426,76308.53282735693,0.04167395080375236
51,1571,639.23,767.08,0.20000625752858903,99.35866520407313,76216.04490474043,0.042699587736611755
42,1062,162.05,194.46,0.19999999999999996,391.25196195682526,76082.85652212425,0.028587545175897344
106,2569,243.47,292.16,0.1999835708711546,260.24613605877533,76033.51111093181,0.1160311308809534
23,1885,160.11,192.13,0.19998750858784575,394.9173314385497,75875.46688928855,0.04153036246049924
145,1727,417.1,500.52,0.19999999999999996,151.33183125364937,75744.60817907657,0.04301724050161537
153,1445,486.03,583.24,0.20000822994465373,129.8174022787393,75714.70170505192,0.10082393974734627
43,1543,480.21,576.25,0.19999583515545294,131.24339148922155,75629.00434566393,0.04173386414606184
73,1778,159.08,190.9,0.20002514458134257,396.16323929570405,75627.5623815499,0.028589905330668075
174,2444,727.53,873.04,0.20000549805506296,86.58301755927738,75590.43764995152,0.042654390612844484
81,1727,423.95,508.74,0.19999999999999996,148.51946614701825,75557.79320763407,0.04169946246529754
161,1962,511.19,613.43,0.20000391243960158,123.15088054544744,75544.44465299381,0.04283662140460587
152,1558,511.19,613.43,0.20000391243960158,123.12374071962297,75527.79626963832,0.04391263587383243
104,1198,206.64,247.97,0.20000967866821528,304.0769341677337,75401.95736557293,0.04156451964839514
174,1803,178.48,214.18,0.20002241147467514,351.97748763968065,75386.5383026668,0.04154911542948403
149,2569,246.44,295.73,0.200008115565655,254.88305765453597,75376.56664017592,0.12662079896546974
64,2569,243.5,292.2,0.19999999999999996,257.8608609145414,75346.94355922898,0.12365304499474516
137,2322,383.21,459.85,0.1999947809295166,163.76675887847304,75308.14407026583,0.04167360588806157
145,2707,197.88,237.46,0.2000202142712757,316.93222039321466,75258.72505457276,0.10599757547011024
94,1778,157.17,188.6,0.19997454985048035,398.29958903957396,75119.30249286364,0.03189967125473492
66,2640,319.13,382.96,0.2000125340770218,196.0958674720204,75096.87340708492,0.04507273267820833
137,1803,206.67,248.0,0.19998064547346028,302.70541266973237,75070.94234209362,0.04155971236261158
132,1445,727.53,873.04,0.20000549805506296,85.79855026429419,74905.5663227394,0.04189582688905924
11,1525,319.13,382.96,0.2000125340770218,195.1603874109757,74738.62196290724,0.04163792094868224
86,2322,385.12,462.14,0.19998961362692147,161.58335449450533,74674.13144609069,0.043107592108515114
34,1558,511.19,613.43,0.20000391243960158,121.60867573088078,74598.4099535942,0.04391684989796496
26,1109,311.43,373.72,0.20001284397777996,199.45200642027157,74539.2038393839,0.04163360150935569
93,2569,243.53,292.24,0.20001642508109896,254.9933209963846,74519.24812798343,0.11738298562912763
17,1558,562.6,675.12,0.19999999999999996,110.36419948765099,74509.07835810294,0.0437546098624122
177,2290,272.57,327.08,0.19998532487067533,227.7870059945596,74504.57392070055,0.04362047403914737
74,2581,512.19,614.63,0.20000390480095254,121.07318093741792,74415.20919956517,0.041760773734189405
17,1109,258.08,309.7,0.20001549907005578,240.04442183830022,74341.75744332158,0.09430925935056667
17,1445,728.53,874.24,0.20000549050828376,85.00925177856713,74318.48827489454,0.04190011929803661
53,1109,272.57,327.08,0.19998532487067533,227.092748908462,74277.49631297975,0.041604250735655435
146,2104,583.03,699.64,0.20000686071042661,105.97742682140252,74146.04690132606,0.041808018481974685
11,1311,188.21,225.85,0.1999893735720737,327.81188411007935,74036.31402626142,0.04155129004044278
64,1558,548.08,657.7,0.2000072982046417,112.47421503189875,73974.2912264798,0.04178646930537988
34,2956,582.03,698.44,0.20000687249798133,105.88729791375265,73955.9243548814,0.0418083394287877
20,1993,157.14,188.57,0.20001272750413657,392.05431841703296,73929.6828238999,0.04501607406018371
10,1216,417.13,500.56,0.20000958933665758,147.62182473475326,73893.58058922809,0.04302572368144397
13,2104,641.23,769.48,0.2000062380113219,96.02565633302987,73889.82203513983,0.04184670941650448
106,1727,421.95,506.34,0.19999999999999996,145.8586416053753,73854.06459046573,0.043012219999094436
50,2707,213.46,256.15,0.19999063056310296,288.2969224543038,73847.2566866699,0.0415681242755328
64,2581,547.08,656.5,0.20000731154492946,112.45281276836688,73825.27158243286,0.043804406283940445
52,2956,640.23,768.28,0.2000062477547131,96.05070880106209,73793.83855767998,0.041846603454754105
36,1971,346.35,415.62,0.19999999999999996,177.42408061526763,73740.99638531753,0.041655920422455917
42,1558,549.08,658.9,0.20000728491294506,111.84364243284568,73693.77599900201,0.04178845622817595
10,2492,389.03,466.84,0.20001028198339466,157.83200706541066,73682.29417841631,0.041685610366434256
101,1062,194.06,232.87,0.19998969390910037,316.19172530787273,73631.56707244432,0.04155580068234255
91,1558,564.6,677.52,0.19999999999999996,108.65098053703976,73613.21233345517,0.041797521157851625
24,1571,639.23,767.08,0.20000625752858903,95.96334785530844,73611.56487285001,0.04184698138837872
36,1525,320.13,384.16,0.20001249492393725,191.48878379843904,73562.33118400835,0.04164181413500012
146,1543,484.09,580.91,0.20000413146315776,126.55307902918676,73515.94913884488,0.04174662128833506
24,2704,321.13,385.36,0.20001245601469808,190.59497260470314,73447.6786429484,0.041642779154801746
94,1727,423.95,508.74,0.19999999999999996,144.32922295970212,73426.04888851885,0.04170722164641416
13,1198,174.6,209.52,0.20000000000000018,349.927664489359,73316.8442638105,0.04777137975885393
146,1878,307.55,369.06,0.19999999999999996,198.54995741973806,73276.84728532853,0.041632113653085945
39,2826,327.92,393.5,0.1999878019029031,186.13845942877433,73245.48378522269,0.041643172911846604
76,1754,319.16,382.99,0.19999373355057015,191.2040901713026,73229.25449470719,0.04163862791003947
13,2322,377.36,452.83,0.1999947000211999,161.68420181121175,73215.45710617102,0.04313772114496339
41,2290,257.11,308.53,0.19999222122826787,237.06111234614687,73140.46499215669,0.1141317520684847
17,2581,564.6,677.52,0.19999999999999996,107.93966640996479,73131.28278607933,0.04179992814941558
139,1062,160.05,192.06,0.19999999999999996,379.6396561100094,72913.59235248841,0.028589710691581338
157,2826,325.92,391.1,0.19998772704958268,186.40248516936683,72902.01194973938,0.04164285689941993
17,1993,158.11,189.73,0.19998735057871087,383.8514450156292,72828.13466281533,0.044992532525308326
139,1962,511.19,613.43,0.20000391243960158,118.67738290369238,72800.26699461201,0.04392530839197839
132,2322,385.15,462.18,0.20000000000000018,157.4290035352734,72760.53685393266,0.04168433689656337
157,2569,244.5,293.4,0.19999999999999996,247.77870111279842,72698.27090649505,0.11574844224522685
59,2577,320.13,384.16,0.20001249492393725,189.17759000854755,72674.46297768364,0.03040791904151119
42,1878,319.13,382.96,0.2000125340770218,189.71754775966068,72654.23209003964,0.043368833489204284
27,2494,196.0,235.2,0.19999999999999996,308.8068159132409,72631.36310279425,0.041560719908367516
94,2444,582.03,698.44,0.20000687249798133,103.94268107269706,72597.72616841453,0.11460542538766771
27,2444,728.53,874.24,0.20000549050828376,82.95536179594674,72522.89549648848,0.0419116753198433
104,1445,686.79,824.15,0.20000291209831245,87.96865927487038,72499.37054138441,0.041883933943049234
186,1109,310.43,372.52,0.20001288535257533,194.47398524775045,72445.44898449199,0.04163870437891315
93,2444,581.03,697.24,0.2000068843261107,103.87769377556845,72427.68320807735,0.11469036541335431
10,1207,388.0,465.6,0.19999999999999996,155.41972723175226,72363.42499910385,0.044520996828652515
53,2664,243.53,292.24,0.20001642508109896,247.2228154046612,72248.39557385819,0.10609486606719443
93,2664,242.5,291.0,0.19999999999999996,247.37670755990024,71986.62189993096,0.11750686567141289
110,1230,352.17,422.6,0.19998864184910703,170.20315224971915,71927.85214073132,0.041663295507402553
143,1778,155.23,186.28,0.20002576821490692,385.8513124301969,71876.38247949709,0.04537688398650186
59,2664,234.77,281.72,0.19998296204796184,254.90905642426375,71812.97937584358,0.114947303034999
32,2104,582.03,698.44,0.20000687249798133,102.56624959224207,71636.37136520556,0.04182047483799867
149,1962,549.08,658.9,0.20000728491294506,108.6941087802953,71618.54827533656,0.041798738195443996
137,1198,170.75,204.9,0.19999999999999996,349.5158430081261,71615.79623236504,0.11639210711242953
24,2760,169.78,203.74,0.20002355990104848,351.22314134336057,71558.20281729629,0.10349698944326613
137,1311,162.99,195.59,0.20001227069145333,364.9363713050827,71377.90486356113,0.12160765200584112
109,2664,257.05,308.46,0.19999999999999996,231.34455336339008,71360.5409304713,0.10978174735754131
139,2581,513.19,615.83,0.200003897192073,115.83262221659834,71333.20373964775,0.041775603031249386
68,1971,289.06,346.87,0.19999308102124136,205.47977794900524,71274.77057717145,0.04162408200013201
146,1971,290.06,348.07,0.19999310487485356,204.7531670740434,71268.43486346229,0.04162477204731885
174,2956,641.23,769.48,0.2000062380113219,92.57650986320681,71235.77280954037,0.041862105617579526
108,1971,340.47,408.56,0.19998825153464317,174.28940201160057,71207.67808585953,0.043275809636204254
132,2704,319.13,382.96,0.2000125340770218,185.9138216954813,71197.55715650151,0.02866735120693975
108,2640,321.13,385.36,0.20001245601469808,184.4164515946543,71066.72378651598,0.041649757697178935
14,1778,192.09,230.51,0.20001041178614187,308.29005526734375,71063.9406396754,0.04441596012384563
124,2707,241.53,289.84,0.20001656108971955,245.15098413407895,71054.56124142144,0.04387108960351149
55,2290,297.79,357.35,0.20000671614224785,198.55012884775934,70951.8885437468,0.04348113640716422
66,1230,364.75,437.7,0.19999999999999996,161.77301878309234,70808.05032135952,0.04167756617253049
97,2490,292.03,350.44,0.2000136972228881,201.97366199210248,70779.65010851239,0.0416312752353164
132,1971,345.35,414.42,0.19999999999999996,170.58520254818046,70693.91964001695,0.04326034317679428
34,2707,210.52,252.62,0.19998099942998282,279.6501999484934,70645.23351098842,0.044176229078467966
68,1558,511.19,613.43,0.20000391243960158,115.03572367888627,70566.3639763392,0.042859918678164854
177,1754,329.83,395.8,0.2000121274596005,178.2678428022704,70558.41218113863,0.043326967217650614
75,1778,162.99,195.59,0.20001227069145333,360.7195777191422,70553.14220608702,0.028595118075551484
108,2956,640.23,768.28,0.2000062477547131,91.83180648174339,70552.5402837938,0.04186558337071178
157,1571,581.03,697.24,0.2000068843261107,101.08279413731762,70478.96738430334,0.04182615527177125
43,1571,640.23,768.28,0.2000062477547131,91.62511092814806,70393.74022387758,0.04186655814253015
59,1311,202.73,243.28,0.200019730676269,289.18917675862923,70353.94292183932,0.04157311145632536
30,2664,248.35,298.02,0.19999999999999996,236.03639491312285,70343.56641200886,0.11927537901858531
39,2444,583.03,699.64,0.20000686071042661,100.53280330632258,70336.77050523553,0.1150046946051404
143,1558,547.08,656.5,0.20000731154492946,107.13738810334374,70335.69528984517,0.041804048400472804
108,2444,727.53,873.04,0.20000549805506296,80.43259835636786,70220.8756690434,0.041926678064776124
73,1109,262.87,315.44,0.1999847833529882,222.61030235421106,70220.19377461233,0.04369867636040892
83,1445,727.53,873.04,0.20000549805506296,80.31629449816697,70119.33774867968,0.0419273923654252
102,1778,135.83,163.0,0.20002944857542504,429.99585025980696,70089.32359234853,0.11490015839439527
137,1445,727.53,873.04,0.20000549805506296,80.23944807853557,70052.24775048469,0.042691249450412805
68,2707,209.58,251.5,0.20001908579062877,278.5065904177355,70044.40749006048,0.04157825808891191
53,1993,159.14,190.97,0.20001256755058439,366.53512892479534,69997.21357076817,0.04154280501963903
162,2664,256.11,307.33,0.19999219085549158,227.71484145192883,69983.60222342129,0.12116700597360353
94,2707,205.64,246.77,0.200009725734293,283.5327135434491,69967.36772111694,0.046874868628325905
52,2304,473.39,568.07,0.2000042248463214,123.02190334916541,69885.05263556041,0.04175564082405503
162,1558,512.19,614.63,0.20000390480095254,113.6721201962906,69866.2952362461,0.04286205097962492
11,2539,160.11,192.13,0.19998750858784575,362.79885970197944,69704.54491454131,0.0415392631672723
106,2707,206.64,247.97,0.20000967866821528,281.00449486690565,69680.68459214659,0.04157524105241661
65,1571,582.03,698.44,0.20000687249798133,99.47534126225801,69477.5573512115,0.04183249700716096
67,1311,175.63,210.76,0.2000227751523087,329.52166572904207,69449.9862690529,0.12894200996608574
81,2569,242.5,291.0,0.19999999999999996,238.57800386075365,69426.19912347931,0.11781150941852225
72,2322,388.0,465.6,0.19999999999999996,148.5255282953772,69153.48597432763,0.041699451556927225
75,2956,589.82,707.78,0.19999321826998062,97.70345883189162,69152.55409203625,0.041837176494166295
91,2290,297.79,357.35,0.20000671614224785,193.0908914332292,69001.03005366445,0.041639017489374486
157,1727,384.12,460.94,0.19998958658752475,149.44926910946103,68887.14610331497,0.041695857253329915
113,2826,325.92,391.1,0.19998772704958268,176.01718820194696,68840.32230578146,0.043345339608066746
36,2867,728.53,874.24,0.20000549050828376,78.66760241141955,68774.36473215943,0.04193774374567283
137,1971,345.35,414.42,0.19999999999999996,165.92156079506472,68761.21322469073,0.043267123075170555
108,2490,292.03,350.44,0.2000136972228881,196.11411983367864,68726.23215451435,0.04163714830046472
109,1445,728.53,874.24,0.20000549050828376,78.55388896489339,68674.9518886684,0.04193847380952598
102,2290,261.93,314.32,0.20001527125567886,218.38153657439852,68641.68457606494,0.10888990814647981
146,1778,157.17,188.6,0.19997454985048035,363.9366323378026,68638.44885890957,0.04206278093352156
34,2867,726.53,871.84,0.2000055056226171,78.72711395851522,68637.44703359192,0.043463847939702704
52,2867,728.53,874.24,0.20000549050828376,78.47854392116491,68609.08223763922,0.04193895870501163
50,1558,547.08,656.5,0.20000731154492946,104.4821608114573,68592.53857272172,0.04383256988456641
109,2490,290.03,348.04,0.20001379167672328,196.8068961916053,68496.67215052631,0.04353351956332652
146,2704,321.13,385.36,0.20001245601469808,177.58196870059737,68432.9874584622,0.041658042678060614
104,2569,242.53,291.04,0.20001649280501388,235.104717544998,68424.87699429622,0.12435464052029166
162,1230,351.2,421.44,0.19999999999999996,162.3267824727527,68410.9992053169,0.04167672909388742
73,2664,234.8,281.76,0.19999999999999996,242.7531748848493,68398.13455555514,0.1147843218379615
81,1885,117.37,140.84,0.19996591974098998,485.56413860672114,68386.85328137061,0.03760974123321592
17,1062,190.12,228.14,0.1999789606564275,299.6058719984608,68352.08363772885,0.04156075589312058
59,1971,346.35,415.62,0.19999999999999996,164.2946124913208,68284.12684364275,0.041673800131189265
29,1971,291.06,349.27,0.1999931285645571,195.3995486082087,68247.20034238906,0.04163405741791215
174,1971,344.35,413.22,0.19999999999999996,165.08461875105885,68216.26616031255,0.04486144437233697
53,1558,562.6,675.12,0.19999999999999996,100.84994948713558,68085.81789775497,0.04281016453992548
106,1971,290.06,348.07,0.19999310487485356,195.5774231102369,68074.63366198016,0.041633868233980964
24,2539,159.11,190.93,0.199987430079819,354.71560419479306,67725.85030891185,0.04498014676080009
43,2104,639.23,767.08,0.20000625752858903,88.17898709172343,67640.3374183192,0.04188348473726522
59,2640,319.13,382.96,0.2000125340770218,176.23004193973634,67489.05686124142,0.043385482013917454
126,2569,241.53,289.84,0.20001656108971955,232.72325625181503,67452.50859202606,0.11243594551042546
50,1885,138.77,166.52,0.1999711753260791,405.034023553735,67446.26560216796,0.04152481620567927
99,2539,157.17,188.6,0.19997454985048035,357.17617661442324,67363.42690948021,0.028591021293392638
66,2104,582.03,698.44,0.20000687249798133,96.42829632014205,67349.37928184003,0.04279709500192885
113,1971,327.86,393.43,0.19999389983529547,171.07585740893657,67306.37458039791,0.043343292356796126
23,1993,160.11,192.13,0.19998750858784575,350.0595819542221,67256.94748086469,0.041543245823435604
76,1062,192.09,230.51,0.20001041178614187,291.5795015041786,67211.99089172822,0.04157025276168613
162,2569,251.26,301.51,0.19999204011780636,222.34966096593993,67040.64627784054,0.11995515691892777
108,2760,163.99,196.79,0.20001219586560137,340.6695051220606,67040.3519129703,0.10162008689095403
66,1878,320.13,384.16,0.20001249492393725,174.3766149206667,66988.52038792332,0.043382594452018086
94,2664,248.35,298.02,0.19999999999999996,224.62046448203625,66941.39082493645,0.11930449867625215
52,2704,321.13,385.36,0.20001245601469808,173.58557092958605,66892.93561342529,0.041663189445091287
32,2707,203.73,244.48,0.2000196338290876,272.5896253045645,66642.71159445992,0.041581454736424606
36,2640,320.13,384.16,0.20001249492393725,173.1729430596397,66526.11780579119,0.0433842392381667
61,2707,197.88,237.46,0.2000202142712757,279.95886718279485,66479.03260122647,0.12442405802864154
153,2444,726.53,871.84,0.2000055056226171,76.23528336935267,66464.96945273643,0.041953837256785254
83,1230,365.75,438.9,0.19999999999999996,151.36885748363608,66435.79154956788,0.041694431488699446
88,1558,511.19,613.43,0.20000391243960158,108.13768779510097,66334.90182414878,0.04288247006569634
161,2640,321.13,385.36,0.20001245601469808,171.8515760737039,66224.72335576254,0.04166549701876532
146,2867,728.53,874.24,0.20000549050828376,75.71137270256239,66189.91047148814,0.02888322913590924
104,1230,374.45,449.34,0.19999999999999996,147.20343470542755,66144.39135053681,0.041701851825849956
102,1558,549.08,658.9,0.20000728491294506,100.38352547540191,66142.70493574231,0.041828964981284744
23,2569,242.53,291.04,0.20001649280501388,227.18207197632532,66119.07022798972,0.12104091773838688
59,1525,320.13,384.16,0.20001249492393725,171.90243633038529,66038.03994068081,0.041665435924103766
109,2569,243.53,292.24,0.20001642508109896,225.92289778786005,66023.70764952422,0.1057062860043202
20,1778,189.18,227.02,0.2000211438841315,290.690041563318,65992.45323570445,0.04157266535037263
65,2322,361.81,434.17,0.19999447223680944,151.9861090728756,65987.8089761704,0.04472978539754913
61,1993,134.86,161.83,0.19998516980572445,407.7056657260406,65979.00788444515,0.04152677426993534
137,2490,291.03,349.24,0.20001374428753071,188.9087120462627,65974.4785950368,0.04164487847248877
64,1230,359.87,431.84,0.1999888848750937,152.3009941405908,65769.66130967272,0.02869717204683675
102,1885,122.22,146.66,0.19996727213222054,448.06919229371687,65713.82774179651,0.028574354413811065
50,1971,325.95,391.14,0.19999999999999996,167.87955841479078,65664.41047836126,0.04166864066350806
30,1971,345.35,414.42,0.19999999999999996,158.36921107421142,65631.3684533747,0.04168283997016353
88,1727,421.95,506.34,0.19999999999999996,129.46632856001995,65553.9808030805,0.04304770673431291
10,2539,159.11,190.93,0.199987430079819,342.99979667577594,65488.9511793059,0.0415455657014806
14,2322,385.12,462.14,0.19998961362692147,141.65728735814562,65465.498779693415,0.043143278880407254
157,2707,188.21,225.85,0.1999893735720737,289.6632640725068,65420.44819077566,0.041567240899150204
29,2826,327.92,393.5,0.1999878019029031,166.09471890267616,65358.27188820307,0.041668907622465
83,1993,133.92,160.7,0.19997013142174436,406.6052816833879,65341.468766520426,0.04152424343714167
72,1230,410.34,492.41,0.20000487400692113,132.40298508368667,65196.55388505816,0.04307852404274204
43,2304,484.03,580.84,0.2000082639505818,112.18481015998252,65161.42513332425,0.04293027580988085
24,2640,320.13,384.16,0.20001249492393725,169.61253845249703,65158.35277191127,0.04338924105699882
26,1727,446.23,535.48,0.2000089639871816,121.63360218667275,65132.361298919524,0.0417602083688805
24,2956,641.23,769.48,0.2000062380113219,84.54226008383401,65053.57828930859,0.0419028375726086
52,2104,640.23,768.28,0.2000062477547131,84.56221286241245,64967.45689793424,0.041902728659856114
92,2490,279.36,335.23,0.19999284077892332,193.35094690085361,64817.03792957316,0.04360551780657074
13,2304,486.03,583.24,0.20000822994465373,111.12331194495637,64811.56045877635,0.04179093307864101
109,2322,381.27,457.52,0.1999895087470822,141.60509131329,64787.16137765643,0.04171055460551276
143,1062,152.29,182.75,0.20001313283866318,354.40985426340234,64768.40086663677,0.03902109139319998
73,1543,484.09,580.91,0.20000413146315776,111.47003102555648,64754.05572305601,0.04178905612193384
137,1543,485.03,582.04,0.20000824691256214,111.23509661353268,64743.27563294055,0.04179057733910252
77,2826,326.92,392.3,0.19998776459072554,164.93168280731064,64702.69916530797,0.041670585873670674
61,1727,447.23,536.68,0.20000894394383195,120.53888348184663,64690.80798703744,0.04176316810066605
67,2956,641.23,769.48,0.2000062380113219,83.94777344782277,64596.132712630664,0.04190616113376766
109,1311,149.41,179.29,0.19998661401512607,360.02021475101475,64548.02430270943,0.041539941545267633
65,2444,728.53,874.24,0.20000549050828376,73.75198462126797,64476.935035297305,0.04197135666275398
64,1885,130.04,156.05,0.20001537988311302,413.16236586479283,64473.98719320093,0.04153110128576232
86,2707,235.71,282.85,0.19999151499724244,227.7748807576453,64426.12502229997,0.046240484093155065
81,2664,246.41,295.69,0.19999188344628882,217.79724145172068,64400.466324859284,0.11873291440172085
53,1525,321.13,385.36,0.20001245601469808,167.02174819615158,64363.500884868976,0.028684191638196466
126,1311,192.12,230.54,0.19997917967936707,279.09522172410766,64342.61241627578,0.04157053470954919
67,1216,402.55,483.06,0.19999999999999996,133.11487131475175,64302.46973730398,0.044464704640943764
53,1778,185.27,222.32,0.1999784098882711,288.55677070762135,64151.94126371838,0.04744113237925407
42,2826,326.92,392.3,0.19998776459072554,163.43518554834654,64115.62329061635,0.04335822908438802
27,2322,380.24,456.29,0.20000525983589323,140.4792683292139,64099.285345937016,0.04171574011600021
61,1778,150.41,180.49,0.1999867030117679,353.8916679024434,63873.907139712006,0.052240382952025266
139,1778,158.14,189.77,0.20001264702162658,336.51368815724464,63860.20260160032,0.028600690330793932
20,1062,188.21,225.85,0.1999893735720737,282.5678825887516,63817.95628266955,0.041570682607734555
75,1216,413.25,495.9,0.19999999999999996,128.5476824795264,63746.79574159714,0.04307743480181214
74,1778,174.66,209.59,0.19998854918126652,304.08033702347376,63732.19783674987,0.02860636477378531
106,1109,258.08,309.7,0.20001549907005578,205.62938549152264,63683.42068672456,0.12905492031820176
57,1778,161.05,193.26,0.19999999999999996,329.3996010204396,63659.76689321015,0.03183976915948117
145,1993,132.89,159.47,0.20001505004138775,398.5647955778315,63559.127950796785,0.04564368331003987
77,1778,170.75,204.9,0.19999999999999996,310.0114177533765,63521.33949766685,0.028606097667645658
149,1778,159.08,190.9,0.20002514458134257,332.54302139949493,63482.46278516358,0.08251028861446918
109,2867,726.53,871.84,0.2000055056226171,72.7820152772068,63454.27219927998,0.04350644103188028
124,2444,484.03,580.84,0.2000082639505818,109.17303433938095,63412.06526568603,0.10066931992055395
51,2322,378.33,454.0,0.20001057278037693,139.58908392500757,63373.444101953435,0.04171853346056009
68,2826,327.92,393.5,0.1999878019029031,160.52549715684677,63166.78313121921,0.041677198713796826
11,2760,170.78,204.94,0.2000234219463637,307.9739842754031,63116.18833740111,0.10425580725816364
113,1109,293.0,351.6,0.20000000000000018,179.19578868682703,63005.239302288384,0.04165370829523962
32,2490,279.36,335.23,0.19999284077892332,187.82323375019075,62963.98265007645,0.04164219872120234
23,2664,241.53,289.84,0.20001656108971955,217.15331767802434,62939.71759579857,0.12098407696065328
52,1571,640.23,768.28,0.2000062477547131,81.86200341877382,62892.939986575555,0.041918205345709
32,2704,321.13,385.36,0.20001245601469808,163.10281299464373,62853.30001561591,0.04167788783558479
104,1311,147.44,176.93,0.20001356483993504,355.0690627477472,62822.36927195891,0.11511301545136077
58,1109,310.43,372.52,0.20001288535257533,168.1927432011455,62655.16069729072,0.041670602248878086
10,2304,486.03,583.24,0.20000822994465373,107.35751583642144,62615.19753643444,0.04180346059841278
146,1445,727.53,873.04,0.20000549805506296,71.69636363438796,62593.79330736607,0.028903705767784893
74,2826,325.92,391.1,0.19998772704958268,159.99711039068015,62574.86987379501,0.0433687939902585
26,1230,359.87,431.84,0.1999888848750937,144.8196910931571,62538.93540166896,0.04323698249050423
91,1754,318.16,381.79,0.19999371385466436,163.7428351355632,62515.377026406684,0.04512278276862103
89,2444,667.39,800.87,0.20000299674852795,78.0169649864837,62481.446748725204,0.04194148194904945
42,1727,445.23,534.28,0.20000898412056678,116.85140451081351,62431.36840203744,0.043015175653836946
24,2322,379.3,455.16,0.19999999999999996,137.00486037081993,62359.1322463824,0.041721923893665025
64,2826,325.92,391.1,0.19998772704958268,159.4092348906739,62344.95176574257,0.04336974432205398
29,2581,512.19,614.63,0.20000390480095254,101.37989491474926,62311.12481145233,0.04182444737935176
101,1445,728.53,874.24,0.20000549050828376,71.14496044284716,62197.77021755471,0.04199106730408497
143,2664,243.5,292.2,0.19999999999999996,212.81499460866073,62184.54142465066,0.12136738840420169
89,1445,728.53,874.24,0.20000549050828376,71.09316625523144,62152.48966697353,0.041991473535455626
67,2760,163.99,196.79,0.20001219586560137,315.482017181044,62083.70616105765,0.11361886658282028
34,1778,153.32,183.98,0.19997391077484994,336.6573778028365,61938.22436816585,0.05506123253788331
23,1438,195.0,234.0,0.19999999999999996,264.56151347066276,61907.394152135086,0.11387520778407145
129,2569,247.38,296.86,0.20001616945589795,208.34804919126256,61850.201882918205,0.12308471426021406
34,1971,289.06,346.87,0.19999308102124136,178.28693561954995,61842.38935835329,0.045445349813981295
129,2707,198.85,238.62,0.19999999999999996,258.95170293371484,61791.055354043034,0.1115311824359454
32,1445,582.03,698.44,0.20000687249798133,88.40854319458617,61748.062908826774,0.11488797129938155
75,2444,728.53,874.24,0.20000549050828376,70.57121616669909,61696.18002157501,0.04199560054898288
106,2664,235.71,282.85,0.19999151499724244,218.08258829388743,61684.66009892606,0.11674398997134672
27,2490,292.03,350.44,0.2000136972228881,176.00451992277442,61679.02396173707,0.04166027759257951
102,1109,276.48,331.78,0.20001446759259234,185.66808976633936,61600.95882267607,0.0436388407417464
14,2569,246.41,295.69,0.19999188344628882,208.27132841776358,61583.749099848515,0.11853050598382309
106,1993,117.37,140.84,0.19996591974098998,436.87018760300924,61528.79722200782,0.04616238751605162
146,2304,482.09,578.51,0.200004148602958,106.24529362701526,61463.9648161646,0.04180656721272791
73,1727,382.18,458.62,0.20001046627243713,133.7627054653083,61346.25198049969,0.0446098726625197
39,1109,284.24,341.09,0.20000703630734584,179.76146082881553,61314.83667410068,0.04165432232805932
61,2640,319.13,382.96,0.2000125340770218,159.80317638234044,61198.224427381094,0.045122325392097484
153,1558,562.6,675.12,0.19999999999999996,90.608964138797,61171.923869384635,0.04285563549801419
29,1109,275.48,330.58,0.2000145201103527,185.0027144013856,61158.19732681005,0.04164946007381265
53,2569,242.53,291.04,0.20001649280501388,210.0107217396951,61121.520455120866,0.10565176974325774
162,1962,512.19,614.63,0.20000390480095254,99.36792976971421,61074.510674359444,0.04183237296268183
93,2490,279.36,335.23,0.19999284077892332,182.15488430472183,61063.7818654719,0.04164877558303859
75,1885,137.8,165.36,0.19999999999999996,367.89149657904824,60834.53787431142,0.04154006985408221
50,1993,136.83,164.2,0.20002923335525824,370.30450810602656,60804.00023100956,0.04154479959338131
68,1727,423.95,508.74,0.19999999999999996,119.35791505196688,60722.14570353764,0.04176475510934541
68,2956,581.03,697.24,0.2000068843261107,87.05861882090622,60700.75138668865,0.041889393050142276
186,1971,291.06,349.27,0.1999931285645571,173.7318327766174,60679.31723388916,0.041659394807621264
43,2704,319.13,382.96,0.2000125340770218,158.40310202885502,60662.051952970316,0.04512469366055172
97,2867,728.53,874.24,0.20000549050828376,69.35547586331619,60633.331218745545,0.04200545400300226
186,2569,243.5,292.2,0.19999999999999996,207.4677950126649,60622.08970270069,0.1174579341693085
59,2760,165.93,199.12,0.20002410655095515,304.38507908174415,60609.1569467569,0.10248785861583176
43,2760,162.99,195.59,0.20001227069145333,309.5640466553702,60547.631885323855,0.11263655172457188
55,1062,195.03,234.04,0.2000205096651797,258.1310913947072,60413.00063001727,0.04158977665823649
152,1445,583.03,699.64,0.20000686071042661,86.34695480258895,60411.78345808334,0.11494329190283992
50,1727,445.23,534.28,0.20000898412056678,112.95898441891188,60351.72619533624,0.04426198716059859
67,2322,379.27,455.12,0.19998945342368235,132.53917218462746,60321.22804466765,0.04172971623879762
89,2322,387.06,464.47,0.19999483284245345,129.8698061224574,60320.62884969779,0.04316335451431397
65,2760,184.36,221.23,0.1999891516597958,272.58439809179606,60303.84638984804,0.10424674783090182
129,2664,220.19,264.23,0.20000908306462617,228.12952871969784,60278.66537360576,0.11421972663761859
13,1230,378.36,454.03,0.19999471402896707,132.68260655041558,60241.883852085186,0.041730374555588146
83,1971,328.86,394.63,0.19999391838472302,152.59499006288766,60218.560928517356,0.04336738611857116
43,1230,378.3,453.96,0.19999999999999996,132.58112346777912,60186.52680943301,0.04464007284786953
129,1558,549.08,658.9,0.20000728491294506,91.28793974958381,60149.62350100077,0.04186835191576854
30,1803,193.03,231.64,0.20002072216753874,259.64944774050514,60145.198074610606,0.04442976989585801
146,1216,418.13,501.76,0.20000956640279344,119.81128412945166,60116.50992479367,0.04176528399018142
68,2704,319.13,382.96,0.2000125340770218,156.87659984552656,60077.46267684285,0.045127323942025455
68,1571,582.03,698.44,0.20000687249798133,85.95279695440222,60032.87150483269,0.04189525451508935
146,2760,183.36,220.03,0.1999890924956369,272.70893518491965,60004.14700873787,0.10357793344818322
177,1109,310.43,372.52,0.20001288535257533,160.99761083332655,59974.8299876308,0.041681150426458036
113,1543,484.09,580.91,0.20000413146315776,103.2057391077179,59953.2459050644,0.04181756471292786
102,2322,356.05,427.26,0.19999999999999996,140.247442889544,59922.12244898657,0.04171522565499963
66,1445,726.53,871.84,0.2000055056226171,68.54116613791204,59756.93028567724,0.04201225209923787
161,1571,583.03,699.64,0.20000686071042661,85.30916973641993,59685.70751438884,0.04189873512905895
67,1878,320.13,384.16,0.20001249492393725,155.23167900787874,59633.8018076667,0.041690236153886895
68,2569,245.44,294.53,0.2000081486310299,202.3794799331225,59606.82822470256,0.11848701837813913
139,1727,421.95,506.34,0.19999999999999996,117.37986964423014,59434.123195659486,0.04308021790208294
143,2581,547.08,656.5,0.20000731154492946,90.47179518551002,59394.73353928733,0.04187227809606364
24,2304,485.03,582.04,0.20000824691256214,102.0269601899006,59383.771908929746,0.04182277707626869
174,1571,640.23,768.28,0.2000062477547131,77.25683024913364,59354.877543804396,0.0428147392911431
66,2322,358.9,430.68,0.20000000000000018,137.5267047393398,59230.00119713887,0.04172082459434545
23,2490,291.03,349.24,0.20001374428753071,169.30217863559506,59127.09286669522,0.04356121265555846
30,2539,158.11,189.73,0.19998735057871087,311.4430636800986,59090.0924720251,0.04155727951462984
52,1207,388.0,465.6,0.19999999999999996,126.80510738612105,59040.45799897797,0.04316850006885409
76,1778,193.03,231.64,0.20002072216753874,254.6668677685562,58991.03324990835,0.04159190862643758
145,2322,344.35,413.22,0.19999999999999996,142.5188771812261,58891.65042882625,0.041710715012359345
32,2640,320.13,384.16,0.20001249492393725,153.2573371020871,58875.33862113778,0.04341520252245035
153,2490,290.03,348.04,0.20001379167672328,168.78686897975658,58744.58187971448,0.04545023995049213
153,1971,345.35,414.42,0.19999999999999996,141.51213613059036,58645.45945523926,0.04330989715933009
108,1543,485.03,582.04,0.20000824691256214,100.73439499971927,58631.4472656366,0.04296918214726586
36,2490,292.03,350.44,0.2000136972228881,167.2918005926854,58625.73859970067,0.041672024702633426
11,2322,368.6,442.32,0.19999999999999996,132.45627874441485,58588.06121422957,0.04322933610859536
161,1885,120.31,144.37,0.1999833762779486,405.7254324757829,58574.58068652878,0.041526916317661366
36,1571,640.23,768.28,0.2000062477547131,76.18251136391491,58529.499830668545,0.04282212414027986
61,1971,329.86,395.83,0.19999393682168187,147.57724045324082,58415.49908860631,0.041700037754126895
161,2581,512.19,614.63,0.20000390480095254,94.98476466113854,58380.48590367558,0.04293243135897351
27,2867,726.53,871.84,0.2000055056226171,66.95335204241256,58372.610444656966,0.04279211888702783
14,2490,290.03,348.04,0.20001379167672328,167.358621510409,58247.494630482746,0.04357055752294414
11,2704,321.13,385.36,0.20001245601469808,151.1084306959579,58231.144852994345,0.04169720670120658
177,1230,352.11,422.53,0.19999431995683148,137.70378830435433,58183.981672238835,0.043286322206501304
110,1885,117.37,140.84,0.19996591974098998,412.9453884288384,58159.2285063176,0.04616821351439493
52,2640,321.13,385.36,0.20001245601469808,150.9129862603159,58155.82838527534,0.04169754691582961
75,1993,135.86,163.03,0.19998527896363893,356.2862358631657,58085.345032771904,0.04154084918803447
137,1571,640.23,768.28,0.2000062477547131,75.42851094697392,57950.21639034112,0.04195954267016677
10,2577,321.13,385.36,0.20001245601469808,150.16611769527836,57868.01511505247,0.04169885516310756
161,1062,161.05,193.26,0.19999999999999996,299.2127742185507,57825.860745477105,0.028609322189240394
129,2826,327.92,393.5,0.1999878019029031,146.89670219841756,57803.85231507731,0.04170013928730354
80,1445,727.53,873.04,0.20000549805506296,66.181531795071,57779.12451836878,0.0420328851073678
29,2490,279.36,335.23,0.19999284077892332,172.31848202023968,57766.324727644955,0.04166121520607946
137,2640,320.13,384.16,0.20001249492393725,150.35658696866304,57760.986449881595,0.041698527552050835
143,1878,320.13,384.16,0.20001249492393725,150.25939586736035,57723.64951640516,0.041698698319988736
94,1109,282.27,338.72,0.19998582917065244,170.36794838324076,57707.03147637132,0.043612937015851005
75,2104,581.03,697.24,0.2000068843261107,82.75195160494494,57697.97073703181,0.043819093228325445
14,1445,726.53,871.84,0.2000055056226171,66.16293993115067,57683.49754957441,0.04279931991829444
32,1571,582.03,698.44,0.20000687249798133,82.46497181941004,57596.83491754875,0.04191477859633519
101,2867,726.53,871.84,0.2000055056226171,66.02127741256652,57559.990499372,0.04203434136980411
139,2490,281.36,337.63,0.1999928916690361,169.70752599498147,57298.35200168559,0.0416647687674061
94,1971,291.06,349.27,0.1999931285645571,163.7365991715395,57188.2819926436,0.041673342478031006
61,2490,292.03,350.44,0.2000136972228881,163.1282442195237,57166.66190428989,0.041678081295122626
86,1885,158.14,189.77,0.20001264702162658,301.2130033078573,57161.19163773209,0.04502719832862989
75,1525,319.13,382.96,0.2000125340770218,149.236594300074,57151.64615315633,0.04514129660781541
102,1230,363.75,436.5,0.19999999999999996,130.77575514246587,57083.61711968635,0.04476001020437825
110,2444,728.53,874.24,0.20000549050828376,65.21377168530391,57012.48775816009,0.042041778039622946
30,2704,321.13,385.36,0.20001245601469808,147.6933489291751,56915.10894334692,0.041703280967765766
32,1230,369.63,443.56,0.20001082163244321,128.28338742058995,56901.37932427687,0.04174364021402477
36,1878,320.13,384.16,0.20001249492393725,147.94083024103068,56832.94934539435,0.0304511299648369
162,2490,281.36,337.63,0.1999928916690361,168.27583312929207,56814.96953944288,0.04166675880358228
152,2704,319.13,382.96,0.2000125340770218,148.009484611732,56681.71222690889,0.043430129789241656
52,1230,382.24,458.69,0.20000523231477607,123.31410221142376,56562.945543357964,0.041755064522789875
55,2490,291.03,349.24,0.20001374428753071,161.91088402413158,56545.757136587716,0.04167991976213814
29,2707,200.82,240.98,0.19998008166517267,234.18144209440035,56433.043915908594,0.04159798324851549
106,1571,581.03,697.24,0.2000068843261107,80.77864959721504,56322.10564516221,0.04192482480906767
58,2707,203.76,244.51,0.19999018453082051,230.2679867160028,56302.82543192984,0.04160274474569148
149,1727,396.76,476.11,0.19999495916927112,118.07737574877278,56217.81936774821,0.10231381467554557
145,1445,726.53,871.84,0.2000055056226171,64.4742294116552,56211.21217025747,0.04204875762891569
146,1885,117.37,140.84,0.19996591974098998,398.7112620356258,56154.49414509754,0.04617201140453553
27,1438,196.0,235.2,0.19999999999999996,238.73169119544372,56149.693769168356,0.04159845917022187
10,2306,238.65,286.38,0.19999999999999996,195.95760995738527,56118.34033959599,0.1051306621725967
129,1993,136.77,164.12,0.19997075382028218,341.87473744102675,56108.48190882131,0.04553803446788829
43,1207,379.27,455.12,0.19998945342368235,123.24840067186808,56092.8121137806,0.04175228901779382
66,2956,582.03,698.44,0.20000687249798133,80.23712016698143,56040.81420942651,0.041928137534725574
97,2104,583.03,699.64,0.20000686071042661,80.03444894434615,55995.30185942234,0.04192938749553987
52,2577,319.13,382.96,0.2000125340770218,145.8135648108103,55840.76277994791,0.04514803175451909
51,1216,418.13,501.76,0.20000956640279344,111.28021749011332,55835.96192783926,0.04179067931066438
149,1558,547.08,656.5,0.20000731154492946,84.98645516214226,55793.60781394639,0.04190058574497624
108,2577,320.13,384.16,0.20001249492393725,144.86281817971857,55650.50023192069,0.041708539773794184
68,1993,120.34,144.41,0.20001661957786276,385.085074287109,55610.13557780141,0.04153833937302709
20,2569,241.53,289.84,0.20001656108971955,191.66562918246834,55552.365962246615,0.11733905794038713
152,1971,289.06,346.87,0.19999308102124136,160.06546515260243,55521.90789748321,0.043584325830253956
97,1878,319.13,382.96,0.2000125340770218,144.97564291647856,55519.87221129463,0.04170833382917527
108,2322,384.15,460.98,0.20000000000000018,120.20377439985216,55411.535922843854,0.0417624152565681
41,2664,291.03,349.24,0.20001374428753071,158.43192549849476,55330.765661094316,0.0977234014705578
153,1778,191.09,229.31,0.20001046627243713,241.1206664734507,55291.38002902699,0.044469039203857696
39,1778,152.32,182.78,0.19997373949579833,302.4693912808894,55285.355338320966,0.058545600573083445
50,1525,319.13,382.96,0.2000125340770218,144.26717644214585,55248.55789028417,0.02871035506304831
149,2290,299.79,359.75,0.20000667133660222,153.56310732968768,55244.32786185514,0.04169192867042626
88,1109,279.39,335.27,0.20000715845234263,164.72899499298921,55228.69015129949,0.09541000713916781
126,2322,376.39,451.67,0.20000531363745067,122.23707416893767,55210.81928988408,0.041757915593992
29,1727,422.95,507.54,0.20000000000000018,108.77949834865261,55209.946591875145,0.0417970896270865
137,2704,320.13,384.16,0.20001249492393725,143.62186890898417,55173.77716007536,0.04343326442621065
51,1543,485.03,582.04,0.20000824691256214,94.75609384122846,55151.83685934861,0.04299468414898289
129,1778,158.17,189.8,0.199974710754252,290.3735369945631,55112.89732156808,0.028608880751872845
91,2664,280.33,336.4,0.20001426889737095,163.57723832582053,55027.38297280602,0.129025154964722
36,2760,165.93,199.12,0.20002410655095515,276.2177139187652,55000.47119550453,0.11448970129144587
153,1993,158.14,189.77,0.20001264702162658,289.5932321885718,54956.10767242527,0.04157160247246916
36,1803,217.31,260.77,0.19999079655791263,210.59764794873453,54917.5486555915,0.04161896156852751
145,2444,699.43,839.32,0.2000057189425677,65.37799601014247,54873.05961123278,0.04204029311498525
59,2490,290.03,348.04,0.20001379167672328,157.63656591912522,54863.83040249234,0.04358582280720569
20,1803,226.01,271.21,0.19999115083403396,202.12813813161463,54819.1723426752,0.041626926082732885
177,2707,201.82,242.18,0.19998018035873555,226.1131872598323,54760.09169058619,0.04160405040214854
104,2539,158.14,189.77,0.20001264702162658,288.44806769660846,54738.78980678539,0.041572146813330435
32,2444,581.03,697.24,0.2000068843261107,78.46290841725032,54707.478264843616,0.11477828801186363
68,1778,161.05,193.26,0.19999999999999996,283.04423877077295,54701.129584839575,0.028614610126963202
145,1885,137.74,165.29,0.2000145201103527,330.2115646689078,54580.66952412377,0.04552273775493065
10,2322,386.06,463.27,0.19999481945811537,117.65986111292823,54508.28385778626,0.04176858593438626
59,1803,154.23,185.08,0.20002593529144796,293.95272573909136,54404.770479791034,0.11847928380344819
64,1727,445.23,534.28,0.20000898412056678,101.58236720997891,54273.42715294753,0.04306767591813654
51,1971,345.35,414.42,0.19999999999999996,130.86210699905806,54231.87438254964,0.043333558139403316
55,2322,385.09,462.11,0.2000051935911087,117.34403732484773,54225.85308818539,0.04320625126430033
99,1571,641.23,769.48,0.2000062380113219,70.38203710094034,54157.56990843157,0.041997251861741636
58,2444,728.53,874.24,0.20000549050828376,61.72818854592598,53965.25155439033,0.028966050608888794
39,1543,484.09,580.91,0.20000413146315776,92.83176587175704,53926.90111256238,0.041860532633903214
72,1207,386.06,463.27,0.19999481945811537,116.2764321863993,53867.382738993205,0.041772599031572155
77,1062,169.78,203.74,0.20002355990104848,264.2558443128676,53839.48572030365,0.028624605035868056
152,1878,319.13,382.96,0.2000125340770218,140.57565358464765,53834.85229677666,0.045158972621335725
23,1971,346.35,415.62,0.19999999999999996,129.32198549457755,53748.80361125632,0.0417391348535856
174,1311,169.75,203.7,0.19999999999999996,263.5024799008893,53675.45515581114,0.10821959989197594
55,2707,237.65,285.18,0.19999999999999996,188.01229649137474,53617.34671341025,0.043956764171291796
72,2867,486.03,583.24,0.20000822994465373,91.87088519488397,53582.77508106412,0.10120562236762942
68,2664,247.38,296.86,0.20001616945589795,180.3958687635058,53552.31760113434,0.11870020129122416
106,1445,728.53,874.24,0.20000549050828376,61.22075274202779,53521.63087719038,0.04208144820743587
124,2867,727.53,873.04,0.20000549805506296,61.28667841708101,53505.721725248404,0.04208075272369083
143,1445,728.53,874.24,0.20000549050828376,61.16523929393572,53473.098800330365,0.04208203620734419
101,1993,158.14,189.77,0.20001264702162658,281.73310809914875,53464.49192397546,0.041575427730414005
161,1727,422.95,507.54,0.20000000000000018,105.29652377254227,53442.19767551611,0.04180915700982546
81,1571,583.03,699.64,0.20000686071042661,76.340076823085,53410.57134850319,0.041953377124177904
53,1062,188.21,225.85,0.1999893735720737,236.19988725785512,53345.744537186576,0.04159826400993494
55,1230,380.27,456.32,0.19998948115812443,116.73476152589176,53268.406379494925,0.04322326884943195
32,1993,120.34,144.41,0.20001661957786276,368.63263732087034,53234.23915550688,0.04154294167626249
65,1445,728.53,874.24,0.20000549050828376,60.82455967361813,53175.26304906392,0.0420856681834918
17,1778,191.09,229.31,0.20001046627243713,231.69883863092963,53130.86068645847,0.0416054550570224
72,1971,346.35,415.62,0.19999999999999996,127.45142956242032,52971.36315473313,0.04174363921732094
64,2707,204.67,245.6,0.19998045634435924,215.67530398139505,52969.85465783062,0.04429483549223001
137,2304,485.03,582.04,0.20000824691256214,90.89388380257877,52903.87612845295,0.0430129422511587
34,2704,320.13,384.16,0.20001249492393725,137.62511192333585,52870.0629964687,0.043445781904826175
67,1198,151.35,181.62,0.20000000000000018,290.9709905046845,52846.1512954608,0.11605267785342022
126,1198,170.75,204.9,0.19999999999999996,257.60537975700964,52783.34231221128,0.11448608591301879
66,2539,121.31,145.57,0.19998351331299968,362.4498146332718,52761.81951616537,0.041538625971588305
145,1971,329.86,395.83,0.19999393682168187,133.27136127339313,52752.8029328472,0.041728907985636554
66,1571,583.03,699.64,0.20000686071042661,75.38805242964888,52744.49700187954,0.041959939960130366
50,2760,182.36,218.83,0.1999890326826057,241.027694879937,52744.090470576615,0.1037786893082231
34,1878,321.13,385.36,0.20001245601469808,136.85715920725494,52739.274872107766,0.04172456128595292
146,2956,582.03,698.44,0.20000687249798133,75.41665923625237,52674.01147696811,0.042914226215782
99,1971,349.2,419.04,0.20000000000000018,125.63105221755798,52644.4361212455,0.04174815149124789
57,2826,327.92,393.5,0.1999878019029031,133.70212403725137,52611.78580865841,0.041726803303214655
24,2139,285.21,342.25,0.19999298762315498,153.58706557929972,52565.17319451533,0.041689336320443915
65,2867,726.53,871.84,0.2000055056226171,60.21633817534639,52499.012274794,0.04362412118159764
65,1216,416.13,499.36,0.20000961238074644,105.10639219134731,52485.928004671194,0.04181163637797758
137,2956,641.23,769.48,0.2000062380113219,68.20682821012888,52483.79017112997,0.042015226644773085
77,1885,122.28,146.74,0.2000327118089631,357.6554694555154,52482.363587902335,0.028598408797585018
149,2664,238.68,286.42,0.20001675884028836,182.98103963033694,52409.429370921105,0.12041191564727649
91,2490,291.03,349.24,0.20001374428753071,149.97208440114827,52376.250756257024,0.04169943746727234
157,1445,728.53,874.24,0.20000549050828376,59.906645622417315,52372.78586894211,0.04209565949159122
97,2444,726.53,871.84,0.2000055056226171,60.0256915027769,52332.79887978102,0.04362628578846983
24,1216,434.56,521.47,0.19999539764359353,100.32463248173495,52316.28610025033,0.04182697308395633
139,1971,289.06,346.87,0.19999308102124136,150.80279596796484,52308.965837407966,0.0454894453163156
32,1207,369.63,443.56,0.20001082163244321,117.92369231429355,52306.23296292804,0.041770821055163054
61,1878,320.13,384.16,0.20001249492393725,136.11603605172022,52290.33640962884,0.04344910555703563
34,2104,582.03,698.44,0.20000687249798133,74.85616244457246,52282.5380977872,0.04196368143208018
23,1571,640.23,768.28,0.2000062477547131,67.83770852775753,52118.35470770555,0.04201839301829957
89,1311,219.28,263.14,0.2000182415176941,197.76772759133752,52040.59983838455,0.041636302014269266
58,1207,368.63,442.36,0.20001085098879634,117.6371600172042,52037.97410521045,0.041771646330163836
34,1885,119.31,143.17,0.19998323694577147,363.0415907075996,51976.66454160703,0.04611127600530773
102,2707,193.06,231.67,0.19998964052626111,224.28341611991158,51959.739012499915,0.04444924616229151
36,2704,319.13,382.96,0.2000125340770218,135.5632608524478,51915.306376053406,0.04345572613031423
143,1993,138.77,166.52,0.1999711753260791,311.3395055419807,51844.25446285063,0.04155431421775535
91,2322,382.18,458.62,0.20001046627243713,112.98217212724295,51815.88378099616,0.041785474985097104
27,1230,385.12,462.14,0.19998961362692147,112.02821376754429,51772.718710532914,0.04178456863650204
26,2490,292.03,350.44,0.2000136972228881,147.35145980886247,51637.84557541776,0.04170413611383461
132,2640,321.13,385.36,0.20001245601469808,133.95527919687927,51621.0063913094,0.041730844322423244
66,2490,280.36,336.43,0.19999286631473812,153.39774089752942,51607.601970155825,0.04168963266335346
149,1754,329.83,395.8,0.2000121274596005,130.0560228243144,51476.17383386364,0.04173966684963781
58,2490,292.03,350.44,0.2000136972228881,146.81598933412175,51450.19530224962,0.041705118650229744
76,2569,242.53,291.04,0.20001649280501388,176.67395159408954,51419.18687194383,0.12117419073882907
157,2104,582.03,698.44,0.20000687249798133,73.56438041681446,51380.305858319894,0.042927759298547086
59,2444,728.53,874.24,0.20000549050828376,58.746489801021326,51358.53124364489,0.04210873393624637
86,1445,726.53,871.84,0.2000055056226171,58.90429153864027,51355.117535048135,0.04287447959249702
80,1971,345.35,414.42,0.19999999999999996,123.85276463239856,51327.062718958616,0.04335135028691406
80,2322,389.0,466.8,0.19999999999999996,109.86294190388531,51284.021280733665,0.04179349181080372
77,1558,512.19,614.63,0.20000390480095254,83.3477845868897,51228.04884064002,0.04190912618631082
11,1230,365.75,438.9,0.19999999999999996,116.42620697522932,51099.46224142815,0.04177312796499255
126,1971,345.35,414.42,0.19999999999999996,123.28043721953384,51089.878792519215,0.04335289236586792
34,2569,242.5,291.0,0.19999999999999996,175.27377121229222,51004.667422777035,0.12101674741905244
177,1207,353.11,423.73,0.19999433604259287,120.17383279753119,50921.25817129789,0.041761439441965864
36,1311,163.02,195.62,0.1999754631333579,260.1807962906327,50896.567370373574,0.127890769265249
161,1445,581.03,697.24,0.2000068843261107,72.98509675165131,50888.12885912136,0.11498695618229227
83,2490,292.03,350.44,0.2000136972228881,145.0382703994905,50827.21147879745,0.0417084326013587
186,2826,327.92,393.5,0.1999878019029031,129.01324810937237,50766.71313103803,0.04173759176565295
59,1571,640.23,768.28,0.2000062477547131,66.07436461478727,50763.61284624876,0.0420339981399126
13,1878,302.7,363.24,0.20000000000000018,139.6798030316472,50737.29165321553,0.0417163757860759
20,2640,320.13,384.16,0.20001249492393725,132.06426430370212,50733.80777491021,0.041735094483190904
14,2664,255.17,306.2,0.1999843241760395,165.27777110525514,50608.05351242912,0.12172695063926575
104,1971,346.35,415.62,0.19999999999999996,121.6963324406577,50579.42968898615,0.041758365786084606
66,1778,154.23,185.08,0.20002593529144796,273.2680019561855,50576.44180205082,0.03211155518577202
102,1993,121.28,145.54,0.200032981530343,346.4919069342206,50428.432135206465,0.028600939122249702
20,1445,726.53,871.84,0.2000055056226171,57.7878301845123,50381.741868065204,0.04211993629141286
64,2104,517.98,621.58,0.2000077223058805,80.9638406549779,50325.504074321165,0.02885979777509351
146,1993,122.28,146.74,0.2000327118089631,342.87146304077623,50312.95848660351,0.04155402637669747
129,1727,446.23,535.48,0.2000089639871816,93.88947980769878,50275.93864742654,0.04185662184311589
64,2322,363.81,436.57,0.19999450262499652,115.08886245605437,50244.34468243966,0.028756685622452594
161,2704,319.13,382.96,0.2000125340770218,131.00946390585045,50171.38429738449,0.04173752166281719
32,2322,358.96,430.75,0.19999442834856263,116.3310767691083,50109.6113182934,0.04177236562551678
42,2664,248.38,298.06,0.2000161043562283,167.9627407895443,50062.97451973158,0.12328071656698159
42,1971,329.86,395.83,0.19999393682168187,126.40334826904882,50034.23734533759,0.041745089054724405
89,1216,418.13,501.76,0.20000956640279344,99.55959501191754,49955.022393179745,0.041832663435391604
74,1445,581.03,697.24,0.2000068843261107,71.60836907955606,49928.21925702967,0.11490066557215273
64,2664,242.5,291.0,0.19999999999999996,171.55719646961785,49923.144172658795,0.12164746475311061
65,2704,321.13,385.36,0.20001245601469808,129.44563694394446,49883.17065271844,0.041741167295598514
186,1885,116.46,139.75,0.19998282672162127,356.7525365938247,49856.166988987,0.04154024772258824
89,1971,344.35,413.22,0.19999999999999996,120.61782194469203,49841.69638398564,0.0449565467410602
124,1207,388.0,465.6,0.19999999999999996,106.89741163565596,49771.43485756141,0.043228684020696906
57,1207,362.81,435.37,0.19999448747278192,114.30119328984811,49763.310522601176,0.04177843513560675
65,2956,582.03,698.44,0.20000687249798133,71.15149769571156,49695.052050592785,0.04294644438944972
126,2539,160.11,192.13,0.19998750858784575,258.504862632394,49666.53925756186,0.04158341435296242
66,2867,728.53,874.24,0.20000549050828376,56.78159880641302,49640.74494051852,0.04213209519587402
50,2640,321.13,385.36,0.20001245601469808,128.70669172211154,49598.4107220329,0.04174292776379329
124,1445,485.03,582.04,0.20000824691256214,85.19862993097402,49589.01056502412,0.1012347007657135
10,1230,382.24,458.69,0.20000523231477607,108.10262964608344,49585.595192362016,0.04180035217098199
24,1803,171.75,206.1,0.19999999999999996,240.23008090004274,49511.41967349881,0.12571727618675155
101,2490,290.03,348.04,0.20001379167672328,142.25345620311754,49509.89289693303,0.04361423837651501
161,1993,120.34,144.41,0.20001661957786276,342.5536950748878,49468.179105764546,0.04155114249466296
186,1216,417.13,500.56,0.20000958933665758,98.78534807679749,49447.99383332175,0.041835791783303544
110,1993,118.34,142.01,0.20001690045631215,347.5746253014572,49359.07253905993,0.041549520169694376
14,1207,383.15,459.78,0.19999999999999996,107.14355253865453,49262.46258622258,0.043245782557088
88,1778,162.05,194.46,0.19999999999999996,253.28119432495458,49253.06104843067,0.028626109196007832
75,1543,482.09,578.51,0.200004148602958,85.10667225930509,49235.060968730584,0.04189933356044828
76,2664,253.23,303.88,0.20001579591675545,161.9328064055692,49208.14121052437,0.12458076797441964
186,2664,242.5,291.0,0.19999999999999996,169.05809318404513,49195.905116557136,0.11748545197818694
174,1543,486.03,583.24,0.20000822994465373,84.27548946230104,49152.83647399246,0.041904696500236205
17,2322,378.33,454.0,0.20001057278037693,108.23564597674374,49138.983273441656,0.0418008994739707
50,1878,320.13,384.16,0.20001249492393725,127.62429658063652,49028.14977441733,0.04174555052376694
17,2569,242.53,291.04,0.20001649280501388,168.31243922389885,48985.65231172353,0.1177143459456933
149,1109,311.43,373.72,0.20001284397777996,130.9622955356876,48943.22908759717,0.041737688639644555
20,1525,321.13,385.36,0.20001245601469808,127.00095482085848,48941.08794976603,0.041747069722251284
17,1230,370.6,444.72,0.19999999999999996,110.02587116012549,48930.70542233101,0.041792956894448174
97,1571,583.03,699.64,0.20000686071042661,69.88500156882505,48894.34249761276,0.04200137748941357
30,2867,728.53,874.24,0.20000549050828376,55.846456274791706,48823.205933673904,0.04214379035165028
42,1993,137.74,165.29,0.2000145201103527,295.28139000985385,48807.06095472874,0.04553825612438134
11,1216,435.56,522.67,0.1999954082101203,93.3255504107891,48778.46543320714,0.0418566378811881
64,1445,728.53,874.24,0.20000549050828376,55.67639161123582,48674.5286022068,0.04214595941649246
83,2539,134.86,161.83,0.19998516980572445,300.7235003709528,48666.0840650313,0.04156141809547709
74,1971,292.03,350.44,0.2000136972228881,138.6054418286155,48572.89103442002,0.041721134562946016
132,1571,640.23,768.28,0.2000062477547131,63.188922475662764,48546.78535960219,0.04293131356549906
42,2707,207.58,249.1,0.20001926967915984,194.87761128127312,48544.01297016513,0.10170891954782302
26,1445,582.03,698.44,0.20000687249798133,69.44155837596418,48500.762032108425,0.1150855655892592
132,2956,641.23,769.48,0.2000062380113219,63.027190260866945,48498.1623619319,0.04206301985044725
153,1571,639.23,767.08,0.20000625752858903,63.21905524648329,48494.072898472405,0.043800105306074366
149,2707,202.76,243.31,0.19999013612152305,199.10614000194454,48444.514923873125,0.044338007346742314
177,2322,352.14,422.57,0.20000567955926618,114.63852239199791,48442.80040718656,0.043348376614296136
41,2490,291.03,349.24,0.20001374428753071,138.21439908730954,48269.99673725199,0.04172195359099884
43,2139,292.03,350.44,0.2000136972228881,137.68549379615155,48250.50444592335,0.04172304802526261
86,1207,383.18,459.82,0.20001043895819204,104.7325725022481,48158.13148798372,0.04181313863869929
51,2956,639.23,767.08,0.20000625752858903,62.74055197099826,48127.02260591335,0.04293724814976774
132,1198,248.38,298.06,0.2000161043562283,161.46451551355057,48126.113493968885,0.0416810375863238
29,1778,164.93,197.92,0.20002425271327207,243.0602672039194,48106.48808499973,0.028633835278063735
10,2631,164.93,197.92,0.20002425271327207,242.64335549528448,48023.9729196267,0.04160029144364663
72,2539,157.14,188.57,0.20001272750413657,254.18257572602923,47931.20830465733,0.041590718200167576
157,1778,155.23,186.28,0.20002576821490692,256.95810810659384,47866.156378096304,0.028627866809974867
102,1207,365.75,438.9,0.19999999999999996,108.9735690434001,47828.4994531483,0.041796439914372874
88,2490,262.93,315.52,0.20001521317460913,151.37091445335955,47760.550928324,0.04169726542204932
152,2956,583.03,699.64,0.20000686071042661,68.21467577949461,47725.71576236561,0.04201527673189054
59,2704,319.13,382.96,0.2000125340770218,124.62058271569964,47724.69835680433,0.045197964824418624
14,1311,339.53,407.44,0.2000117809913704,117.03192342339905,47683.48687962971,0.04177356491287276
88,2867,582.03,698.44,0.20000687249798133,68.26186978872985,47676.82033524048,0.11511055005782933
23,1847,194.0,232.8,0.19999999999999996,204.3629760588362,47575.70082649707,0.11423771748087697
57,1971,328.86,394.63,0.19999391838472302,120.51711839954581,47559.67043401276,0.04176042072897468
161,2569,244.5,293.4,0.19999999999999996,162.09182984731,47557.742877200755,0.11811132495929988
186,2707,196.0,235.2,0.19999999999999996,202.12331927726524,47539.40469401278,0.04162857880095616
11,1198,169.75,203.7,0.19999999999999996,233.36382105095157,47536.210348078836,0.12340929479280727
177,2444,581.03,697.24,0.2000068843261107,68.13615719845912,47507.254245053635,0.11497203651567123
66,1207,362.84,435.41,0.20000551207143658,108.94929627883099,47437.6130927658,0.04179755154940412
186,1727,421.95,506.34,0.19999999999999996,93.68237699956208,47435.13476995826,0.041855878060124696
145,2640,319.13,382.96,0.2000125340770218,123.70918839777036,47375.67078881014,0.043484891708258644
76,1525,321.13,385.36,0.20001245601469808,122.8045563560142,47323.963837353636,0.04175774920805486
99,2704,320.13,384.16,0.20001249492393725,123.1148963851732,47295.818595328135,0.041756941764689914
75,2490,290.03,348.04,0.20001379167672328,135.8831634334445,47292.77620137603,0.041726889523754696
186,1778,155.2,186.24,0.20000000000000018,253.87290433199837,47281.28970279138,0.08892588789496303
143,1525,321.13,385.36,0.20001245601469808,122.54832883106998,47225.22399834113,0.04175842497018678
174,2760,162.99,195.59,0.20001227069145333,241.27623109319225,47191.21803951747,0.11329393242046126
76,1993,158.14,189.77,0.20001264702162658,248.61953694670058,47180.52952637537,0.04159419842136325
10,1902,446.23,535.48,0.2000089639871816,88.0617904317758,47155.32754040731,0.04188459057770899
81,2490,280.36,336.43,0.19999286631473812,139.86916938603866,47056.18465654499,0.0417146598433481
174,1878,321.13,385.36,0.20001245601469808,122.01043813950601,47017.942441440035,0.0417598528072094
68,1445,692.64,831.17,0.20000288750288742,56.40794495671496,46884.59160967277,0.042136231319211626
137,1207,383.15,459.78,0.19999999999999996,101.95367530239749,46876.26083053631,0.04326525806854842
110,2640,320.13,384.16,0.20001249492393725,121.9808133146437,46860.14924295353,0.041759939080060704
162,1727,398.7,478.44,0.19999999999999996,97.81880543159288,46800.4292706913,0.04183796666466566
93,2707,204.67,245.6,0.19998045634435924,190.54995140868783,46799.06806597373,0.04697091067508752
42,1885,140.71,168.85,0.1999857863691279,277.1259954017701,46792.72432358888,0.041572774411502866
10,2139,285.18,342.22,0.2000140262290484,136.72640562595302,46790.510533313645,0.041725131709086205
74,1109,295.85,355.02,0.19999999999999996,131.60221745930804,46721.419242403535,0.04173381710574742
64,1962,548.08,657.7,0.2000072982046417,70.94722912656263,46661.99259654024,0.04300719361597982
94,2490,280.36,336.43,0.19999286631473812,138.60002989430723,46629.208057341784,0.04368327550457696
57,2322,359.9,431.88,0.19999999999999996,107.62653685866589,46481.748738520626,0.04180099781961921
20,1198,189.18,227.02,0.2000211438841315,204.5104104304966,46427.95337593134,0.041630223733632454
24,2494,195.0,234.0,0.19999999999999996,198.3829686662736,46421.61466790802,0.044447680511545684
26,2322,350.17,420.2,0.19998857697689676,110.36483417506723,46375.30332036325,0.04178971373278306
13,1902,446.23,535.48,0.2000089639871816,86.54594105934123,46343.620518456046,0.041892482566220024
67,2104,640.23,768.28,0.2000062477547131,60.31774709575519,46340.918738726796,0.04296178255011429
73,2490,281.36,337.63,0.1999928916690361,137.1901690255665,46319.51676810201,0.04172020591621217
97,2704,321.13,385.36,0.20001245601469808,120.13266878748358,46294.32524394467,0.04176493756386179
110,2490,254.14,304.97,0.20000786967813045,151.7762322032639,46287.197535029394,0.043861785167884415
76,1558,563.6,676.32,0.19999999999999996,68.43409724490853,46283.34864867654,0.04201212321861114
83,2322,365.72,438.86,0.19998906267089578,105.3597381818419,46238.17469848314,0.04180688551659273
143,2704,321.13,385.36,0.20001245601469808,119.85732922639741,46188.22039068451,0.041765696536786745
65,2104,582.03,698.44,0.20000687249798133,66.1258883607494,46184.96546668182,0.04203364779966012
77,2490,259.02,310.82,0.199984557177052,148.48218885820512,46151.23394090732,0.0416966488501157
74,2664,250.32,300.38,0.19998402045381902,153.40901707603996,46081.00054930088,0.10548919759570041
66,2577,321.13,385.36,0.20001245601469808,119.57586052216585,46079.753610821834,0.04176647601628225
67,1543,485.03,582.04,0.20000824691256214,79.15034779778006,46068.6684322199,0.04193518469772595
177,1885,140.71,168.85,0.1999857863691279,272.376144436066,45990.71198802974,0.04157527266412209
83,1207,366.72,440.06,0.1999890924956369,104.44161753871737,45960.57821408797,0.04181020201128649
143,1971,328.86,394.63,0.19999391838472302,116.45827277689985,45957.92818594799,0.04177189773197376
52,2126,484.03,580.84,0.2000082639505818,79.12098824854827,45956.63481428678,0.055439950834259344
30,1198,203.73,244.48,0.2000196338290876,187.95851146127922,45952.09688205354,0.12784018558555577
97,2640,320.13,384.16,0.20001249492393725,119.47491499671696,45897.48334513879,0.04176676373095056
83,2640,319.13,382.96,0.2000125340770218,119.82875885220528,45889.62149004053,0.04349569225179584
162,1543,484.09,580.91,0.20000413146315776,78.99220224402232,45887.360205575,0.04193541642469978
143,2707,206.67,248.0,0.19998064547346028,184.79142552536774,45828.2735302912,0.10177715927174558
55,2867,727.53,873.04,0.20000549805506296,52.488206646896714,45824.3039310067,0.042189223702048584
75,2760,183.36,220.03,0.1999890924956369,208.23838906268045,45818.69274546158,0.10423500029897759
89,2539,156.17,187.4,0.1999743868860857,244.48474617009876,45816.44143227651,0.04158977942607889
132,2539,159.11,190.93,0.199987430079819,239.65540518197588,45757.406511394656,0.04159547885720161
29,1216,417.13,500.56,0.20000958933665758,91.36329706247153,45732.81197759075,0.041868424898954815
99,2867,726.53,871.84,0.2000055056226171,52.412607493254086,45695.40771691864,0.04372558434231477
152,2707,200.82,240.98,0.19998008166517267,189.58941228995627,45687.25657363366,0.04163785286332233
92,2826,327.92,393.5,0.1999878019029031,116.02719048446228,45656.699455635906,0.04177202090572518
53,2490,280.36,336.43,0.19999286631473812,135.43850145620974,45565.57504491264,0.041723942888263865
145,1230,367.63,441.16,0.2000108805048555,103.05084741567637,45461.91184589979,0.04181940501724235
143,1571,582.03,698.44,0.20000687249798133,65.08992545494621,45461.40753475264,0.04204319516172217
139,1109,311.43,373.72,0.20001284397777996,121.58515762259965,45438.80510671795,0.041761063126656284
52,2492,389.03,466.84,0.20001028198339466,97.20514041437181,45379.24775104533,0.041842451855790275
177,1993,142.62,171.14,0.19997195344271468,264.7191819219673,45304.040794125474,0.04157691518727702
34,2664,243.5,292.2,0.19999999999999996,154.8839025839639,45257.07633503425,0.11762672240766447
143,1885,137.74,165.29,0.2000145201103527,273.6056187167447,45224.27271769073,0.04944682605447037
93,1571,583.03,699.64,0.20000686071042661,64.56162736687466,45169.89697096019,0.0420481795930957
137,1878,319.13,382.96,0.2000125340770218,117.63407106912784,45049.14385663319,0.04350211616353017
68,1885,119.31,143.17,0.19998323694577147,314.418624582603,45015.31448149127,0.05060782923699347
132,1216,417.13,500.56,0.20000958933665758,89.8585965746132,44979.61910138839,0.0432037797870799
86,2867,484.03,580.84,0.2000082639505818,77.32720353917233,44914.73290369286,0.10110293756111366
93,1230,345.38,414.46,0.20001158144652265,108.25792634873392,44868.58015449626,0.04180101259204283
41,1109,310.43,372.52,0.20001288535257533,120.25897996450583,44798.87521637771,0.04176467075230217
53,2581,564.6,677.52,0.19999999999999996,66.0709732587792,44764.405802288085,0.04203285460070527
26,2707,202.76,243.31,0.19999013612152305,183.83650329111265,44729.25961576062,0.11778504299863157
59,2539,157.2,188.64,0.19999999999999996,237.0611155728168,44719.20884165615,0.04159963110807985
30,1311,170.75,204.9,0.19999999999999996,218.1985740250347,44708.887817729614,0.09558859222967786
27,1571,641.23,769.48,0.2000062380113219,57.99331827353431,44624.69854511918,0.04211764245286409
39,2707,192.09,230.51,0.20001041178614187,193.52992303094217,44610.58255786248,0.044497327052072655
74,2867,581.03,697.24,0.2000068843261107,63.96916717253076,44601.86211937535,0.11529394952986083
76,1311,215.34,258.41,0.20000928763815362,172.42689572463044,44556.834124201756,0.04166413573257388
52,2306,243.5,292.2,0.19999999999999996,152.47667790474318,44553.68528376595,0.10631498309143939
55,2664,257.05,308.46,0.19999999999999996,144.40725388610093,44543.86153370669,0.12836199179257457
43,2956,640.23,768.28,0.2000062477547131,57.89288989041373,44477.949445007056,0.04211883061395583
89,1207,379.27,455.12,0.19998945342368235,97.61567582972386,44426.846383623924,0.044745043212635616
126,1803,157.17,188.6,0.19997454985048035,235.05465295030558,44331.30754642763,0.11725691272081806
161,1878,320.13,384.16,0.20001249492393725,115.36801360185123,44319.77610528717,0.041778589487337925
68,1525,320.13,384.16,0.20001249492393725,115.33564526721717,44307.34148585415,0.0417786860352275
94,1207,355.02,426.02,0.19998873302912523,103.9792165796472,44297.225847261296,0.04336928237918625
30,1207,384.15,460.98,0.20000000000000018,96.061463309248,44282.41335629714,0.04184538785696423
58,1971,328.86,394.63,0.19999391838472302,112.13598336337138,44252.22311468725,0.041785032802027056
51,1207,382.18,458.62,0.20001046627243713,96.44903145936226,44233.45480789272,0.04473220929993238
152,2640,320.13,384.16,0.20001249492393725,114.93078409124446,44151.810016492476,0.04177989824285944
42,1445,727.53,873.04,0.20000549805506296,50.546844961585066,44129.41752526222,0.04298667231682851
50,1543,483.09,579.71,0.2000041400153183,76.10090943069719,44116.45820606947,0.041954499931809996
61,2444,726.53,871.84,0.2000055056226171,50.58707135601714,44103.83229102998,0.043753833951633236
65,2539,118.4,142.08,0.19999999999999996,309.9652216237258,44039.85868829897,0.0415602393959269
20,2664,242.53,291.04,0.20001649280501388,151.26630785492657,44024.54623809783,0.11778346524789252
145,2490,292.03,350.44,0.2000136972228881,125.48049294923679,43973.38394913054,0.041751088471641995
132,2867,727.53,873.04,0.20000549805506296,50.35052075652292,43958.018641274764,0.04222129736765323
24,2577,298.82,358.58,0.19998661401512607,122.56641046616424,43949.86346495717,0.041753550396389505
152,1216,417.13,500.56,0.20000958933665758,87.7127999235282,43905.51912972127,0.04321490980098808
109,1971,344.35,413.22,0.19999999999999996,106.24548598045669,43902.75971684432,0.043411025567125505
174,2867,726.53,871.84,0.2000055056226171,50.271880496152136,43829.03629176528,0.042222530683970194
11,1543,486.03,583.24,0.20000822994465373,75.1211401835551,43813.65380065668,0.041962066717104785
30,2640,321.13,385.36,0.20001245601469808,113.69375047757443,43813.02368403808,0.041783648281751073
50,2444,727.53,873.04,0.20000549805506296,50.13655434461161,43771.21740501972,0.042993203379660616
177,2867,581.03,697.24,0.2000068843261107,62.76713193175638,43763.75506809782,0.11509791322184859
27,1525,320.13,384.16,0.20001249492393725,113.86685812177872,43743.09221606251,0.0417831248529823
86,1230,378.3,453.96,0.19999999999999996,96.25206264720812,43694.5863593266,0.041844569866819725
157,1993,118.34,142.01,0.20001690045631215,307.68331996401093,43694.10826808919,0.041564331958320544
174,1230,377.39,452.87,0.20000529955748703,96.3133586351881,43617.430725117636,0.04184529934624803
57,1230,364.78,437.74,0.20001096551346031,99.52617144795909,43566.58628962961,0.041833059067731604
152,2126,437.53,525.04,0.20000914223024702,82.93937652012627,43546.4902481271,0.0825419927716099
92,1109,311.43,373.72,0.20001284397777996,116.52105911851588,43546.25021377176,0.04177525039428842
17,1571,639.23,767.08,0.20000625752858903,56.762216897067496,43541.16133740254,0.0430051448852925
58,2826,326.92,392.3,0.19998776459072554,110.95055570375452,43525.9030025829,0.04178766366291087
13,2306,247.38,296.86,0.20001616945589795,146.4953911540283,43488.621817984844,0.10798332295313373
24,1878,320.13,384.16,0.20001249492393725,113.19319508973298,43484.29782567183,0.04178519924792867
24,1207,369.57,443.48,0.19998917661065563,97.97707310915217,43450.87238244681,0.04481919077242469
129,1571,589.82,707.78,0.19999321826998062,61.218846139959304,43329.474920940396,0.042079159138359246
65,1543,484.09,580.91,0.20000413146315776,74.3957401388169,43217.229404040125,0.041966446986706596
161,1778,161.08,193.3,0.20002483238142532,223.55219191198745,43212.63869658718,0.02864385486631915
59,2322,378.3,453.96,0.19999999999999996,95.1727670277652,43204.62931992429,0.044765544528049483
157,2640,320.13,384.16,0.20001249492393725,112.43723810370177,43193.88938991808,0.041787556635420664
30,2760,161.99,194.39,0.2000123464411383,222.06542684204254,43167.298323824645,0.1126239476003329
13,1847,194.0,232.8,0.19999999999999996,185.4187500412103,43165.48500959376,0.041646273340566364
161,1971,290.06,348.07,0.19999310487485356,123.96273656280063,43147.709715414014,0.04365314787416841
161,1558,512.19,614.63,0.20000390480095254,70.12523552427915,43101.07351028769,0.04199887770327271
74,2707,208.61,250.33,0.1999904127318921,171.94047200746465,43041.858357628626,0.04166126909913104
13,2139,292.03,350.44,0.2000136972228881,122.64980046447536,42981.396074770746,0.04175838884589089
89,1525,321.13,385.36,0.20001245601469808,111.44160236574407,42945.135887663135,0.041790702949805136
146,1525,321.13,385.36,0.20001245601469808,111.40250810207287,42930.0705222148,0.04179082792707611
80,2539,160.11,192.13,0.19998750858784575,222.77320516483766,42801.41590832026,0.04160804682582575
64,1993,129.07,154.88,0.1999690090648485,275.89688013540336,42730.90879537127,0.04157029180393035
75,2304,482.09,578.51,0.200004148602958,73.78400682450683,42684.78578804545,0.043123000837739234
65,1230,367.69,441.23,0.20000543936468218,96.62379095875482,42633.31528473139,0.041844001799988706
23,2322,381.24,457.49,0.2000052460392403,92.99029606253296,42542.13054564821,0.04186001258943617
55,1778,195.03,234.04,0.2000205096651797,181.5997134753416,42501.59694176894,0.04165459732612797
13,2494,195.0,234.0,0.19999999999999996,181.51667943705178,42474.902988270114,0.041650875788551756
157,2444,728.53,874.24,0.20000549050828376,48.57954121703125,42470.1781135774,0.04225000368286369
106,2490,281.36,337.63,0.1999928916690361,125.73508490543283,42451.93671662128,0.04174656264358778
81,2306,243.53,292.24,0.20001642508109896,145.179152379118,42427.15549127344,0.1063633358638677
83,1878,321.13,385.36,0.20001245601469808,110.0479884053427,42408.09281188287,0.04179521289605925
23,1207,376.36,451.63,0.1999946859389945,93.86123078267433,42390.547658379204,0.04478569752564021
102,2826,325.92,391.1,0.19998772704958268,108.34918512324087,42375.366301699505,0.04517364913828614
68,2867,697.43,836.92,0.200005735342615,50.5519439063036,42307.932894063604,0.04221820435900259
143,2444,583.03,699.64,0.20000686071042661,60.41846714203355,42271.176351252354,0.1156697435105829
101,1971,350.2,420.24,0.19999999999999996,100.35793786983761,42174.41981042056,0.04182770286409221
61,2704,321.13,385.36,0.20001245601469808,109.36914029803167,42146.49190524949,0.04179745136452351
162,1207,369.63,443.56,0.20001082163244321,94.96868145021425,42124.30834405703,0.041852166688259196
72,1571,641.23,769.48,0.2000062380113219,54.721271482078514,42106.92398002977,0.04215853255438151
41,1558,564.6,677.52,0.19999999999999996,62.06576420467331,42050.79656395026,0.042071594671565515
36,2494,196.0,235.2,0.19999999999999996,178.78002969519054,42049.06298430881,0.11447533292358547
30,1230,388.0,465.6,0.19999999999999996,90.20516638687968,41999.52546973118,0.04187220520807722
143,2956,581.03,697.24,0.2000068843261107,60.142393630516295,41933.68253494118,0.04305235652707651
39,2867,582.03,698.44,0.20000687249798133,60.03191219810928,41928.68875564745,0.1155386989484295
10,1248,164.96,197.95,0.19998787584869038,211.7383055375635,41913.59758116069,0.04161740224613275
99,2956,591.73,710.08,0.20000675983979188,59.008287555945685,41900.60482772592,0.04210597768360258
174,1216,417.13,500.56,0.20000958933665758,83.69495335468464,41894.34585122095,0.04190821697609415
75,2126,436.53,523.84,0.20000916317320705,79.74764482830908,41775.00626686143,0.10337193167117287
43,2631,164.93,197.92,0.20002425271327207,211.0214453178667,41765.36445731217,0.04162481248274952
92,2304,484.09,580.91,0.20000413146315776,71.89087941734539,41762.13076233011,0.04198502663447934
52,2631,164.96,197.95,0.19998787584869038,210.52201985570997,41672.83383043778,0.0416184854389382
83,1216,413.25,495.9,0.19999999999999996,83.99951892544546,41655.3614351284,0.02884643691520783
53,2539,157.17,188.6,0.19997454985048035,220.8591086604817,41654.027893366845,0.04509310388285093
34,1993,122.25,146.7,0.19999999999999996,283.4597551681154,41583.546083162524,0.041572216991882294
27,2956,640.23,768.28,0.2000062477547131,54.11762572729746,41577.48949376809,0.04216661786172804
157,2490,280.36,336.43,0.19999286631473812,123.57571698198863,41574.57846425044,0.04175207353979127
81,2444,727.53,873.04,0.20000549805506296,47.613032048088876,41568.08149926351,0.042266572305779126
17,1311,181.39,217.67,0.20001102596615028,190.81462284217815,41534.61895405692,0.11905573451675622
153,1525,319.13,382.96,0.2000125340770218,108.45495328228722,41533.90890898471,0.04353180020545622
26,2826,325.92,391.1,0.19998772704958268,106.1922484422681,41531.788365771055,0.04180368304354365
36,2322,383.18,459.82,0.20001043895819204,90.27616478237059,41510.786090229645,0.04187381422296477
51,2867,726.53,871.84,0.2000055056226171,47.55507357054765,41460.415341746266,0.04226758860156321
162,2322,367.63,441.16,0.2000108805048555,93.9743310314849,41457.71587784988,0.043362210998079465
91,1445,486.03,583.24,0.20000822994465373,71.02428833677708,41424.205929541866,0.10158903775446015
146,2490,279.36,335.23,0.19999284077892332,123.53991480651669,41414.28564058859,0.045683265409701024
186,2490,281.36,337.63,0.1999928916690361,122.59763090550642,41392.63812262613,0.041754640495292095
75,1230,356.05,427.26,0.19999999999999996,96.82428166441996,41369.14258394007,0.04184213342884713
11,1571,590.73,708.88,0.20000677128298872,58.27025632339812,41306.61930253046,0.043058262867621044
23,1230,379.27,455.12,0.19998945342368235,90.72193984561393,41289.369262535816,0.04477797729914812
93,1885,121.31,145.57,0.19998351331299968,283.1407907441463,41216.804908625374,0.0415693083167884
20,2704,319.13,382.96,0.2000125340770218,107.5832533086938,41200.082687097376,0.04353488241884551
80,1207,385.09,462.11,0.2000051935911087,89.1039530337714,41175.827736436106,0.04187861425087058
89,1571,640.23,768.28,0.2000062477547131,53.58392190974565,41167.45552481939,0.04217391631342826
157,2956,582.03,698.44,0.20000687249798133,58.898099889024046,41136.78888648996,0.04210725631662038
20,2539,159.11,190.93,0.199987430079819,215.24486429006453,41096.70193890202,0.04161426490631781
36,2539,160.11,192.13,0.19998750858784575,213.87814671924102,41092.408329167774,0.04161545807544487
102,2444,583.03,699.64,0.20000686071042661,58.68029600281389,41055.08229540871,0.11571907353103739
17,1971,344.35,413.22,0.19999999999999996,99.22113170768431,41000.156044249314,0.04503267162783031
61,1543,484.09,580.91,0.20000413146315776,70.5199926318504,40965.76891976821,0.04199575362777197
32,1543,483.09,579.71,0.2000041400153183,70.61471072452895,40936.05395411668,0.04199500069179596
81,1543,483.09,579.71,0.2000041400153183,70.5700266090399,40910.150125526525,0.04199535640161156
61,1571,593.64,712.37,0.20000336904521254,57.40190365419346,40891.3941061378,0.028999567220328037
75,1971,329.86,395.83,0.19999393682168187,103.22702384549088,40860.35284876065,0.04181557861654872
174,2104,639.23,767.08,0.20000625752858903,53.21085142413038,40816.979910421935,0.04305269589523664
27,1207,389.0,466.8,0.19999999999999996,87.43440254166224,40814.37910644793,0.0418861444989177
20,2867,726.53,871.84,0.2000055056226171,46.75859442859917,40766.012966629896,0.04305238538483458
93,1993,119.34,143.21,0.20001675884028836,284.27351641529657,40710.810285834625,0.041574933022545446
41,2322,389.0,466.8,0.19999999999999996,87.15687016609016,40684.826993530885,0.12554518290143668
11,1207,377.39,452.87,0.20000529955748703,89.800306360091,40667.86474129441,0.041875180891549846
161,2707,192.06,230.47,0.19998958658752475,176.43638969330004,40663.294732614864,0.04733699783182366
52,2494,196.0,235.2,0.19999999999999996,172.88789331241006,40663.23250707884,0.04166179083290855
66,2704,321.13,385.36,0.20001245601469808,105.49694795065066,40654.30386226274,0.041810770328770896
132,1230,354.11,424.93,0.1999943520375025,95.55922323376022,40605.98072872173,0.04184650178310767
92,1543,483.09,579.71,0.2000041400153183,70.01029992063803,40585.67096699308,0.043150359673492344
94,2322,352.11,422.53,0.19999431995683148,95.65516411137361,40417.17649197869,0.04341755069992226
132,2577,320.13,384.16,0.20001249492393725,105.16955737023012,40401.93715934761,0.028781708894341396
153,2867,728.53,874.24,0.20000549050828376,46.197785349061895,40387.951863563874,0.04229207958281589
27,1971,344.35,413.22,0.19999999999999996,97.69549799825343,40369.73368283828,0.0450393724732836
113,1216,413.25,495.9,0.19999999999999996,81.34946371996014,40341.199058728234,0.04192008766874333
73,2304,483.09,579.71,0.2000041400153183,69.40823011316328,40236.64507890189,0.028916257165324977
36,1230,388.0,465.6,0.19999999999999996,86.31487764431895,40188.20703119491,0.04332008289095857
97,1207,356.99,428.39,0.20000560239782628,93.76709929106526,40168.887665299444,0.043406903227939275
65,1525,320.13,384.16,0.20001249492393725,104.51644637692371,40151.038040159016,0.04181430670864161
36,1543,484.03,580.84,0.2000082639505818,68.96462792176227,40057.4144820764,0.0420092165454139
110,2956,582.03,698.44,0.20000687249798133,57.12549678972167,39898.73197781321,0.042128150857011715
152,1543,484.09,580.91,0.20000413146315776,68.55330846965005,39823.302423104404,0.042011891424382775
30,2577,319.13,382.96,0.2000125340770218,103.94556874390565,39806.99500616611,0.04354830254585307
139,2826,327.92,393.5,0.1999878019029031,101.13723571634077,39797.502254380095,0.04182237410072631
97,2539,133.92,160.7,0.19997013142174436,247.58044406756906,39786.177361658345,0.0415869572584211
110,2867,726.53,871.84,0.2000055056226171,45.459328475690455,39633.26093824597,0.04230602255448512
106,2640,320.13,384.16,0.20001249492393725,103.06185854272128,39592.24357777181,0.04181966583476637
51,1230,370.57,444.68,0.19998920581806412,89.03035068744768,39590.01634369423,0.04187598783919211
81,1445,728.53,874.24,0.20000549050828376,45.21238034248354,39526.47139061281,0.04231078293318791
186,1993,117.43,140.92,0.2000340628459507,280.3148004958865,39501.96168588033,0.04158012408490619
104,2760,168.81,202.57,0.19998815236064216,194.89678997834972,39480.2427459143,0.10357500251045593
132,1803,158.11,189.73,0.19998735057871087,207.86173014481005,39437.60606037481,0.12437607972950449
58,1230,363.75,436.5,0.19999999999999996,90.33541056440896,39431.406711364514,0.04490524074364144
39,2304,482.09,578.51,0.200004148602958,68.11374835974749,39404.48456359752,0.042015628834277785
93,2104,594.64,713.57,0.20000336337952396,55.20610104159877,39393.417520253635,0.04215162629468294
66,1216,416.13,499.36,0.20000961238074644,78.87184326113666,39385.44365088121,0.04193721080360768
88,1543,484.09,580.91,0.20000413146315776,67.78232595904859,39375.43097287091,0.04201847314789897
13,1438,195.0,234.0,0.19999999999999996,168.10029693825425,39335.4694835515,0.044486053337412956
55,2444,727.53,873.04,0.20000549805506296,45.04689104288464,39327.73775608,0.04231400558495069
27,2539,158.14,189.77,0.20001264702162658,207.04991351337628,39291.862087433416,0.041626260385803304
74,1727,423.95,508.74,0.19999999999999996,77.21901279218562,39284.40056789651,0.04194617469275708
108,1803,203.73,244.48,0.2000196338290876,160.68544174386292,39284.376797539604,0.04438129153515924
89,1230,378.33,454.0,0.20001057278037693,86.43217194401917,39240.20606258471,0.0418933874666485
43,1438,196.0,235.2,0.19999999999999996,166.69631396899587,39206.973045507824,0.041670319064259886
17,1754,319.16,382.99,0.19999373355057015,102.36837470968831,39206.063830063526,0.043550744960045296
186,2867,727.53,873.04,0.20000549805506296,44.878469473583166,39180.698989217046,0.042317308254610775
76,2304,485.03,582.04,0.20000824691256214,67.29208993612835,39166.68802642414,0.04202350994730364
11,1878,321.13,385.36,0.20001245601469808,101.46947266239364,39102.275985180015,0.02879130460464374
109,1230,369.6,443.52,0.19999999999999996,88.13251068091131,39088.53113719778,0.0418825498668044
66,2444,726.53,871.84,0.2000055056226171,44.824589682956145,39079.87026918849,0.04231837147921136
42,2704,319.13,382.96,0.2000125340770218,101.9358115971312,39037.33840923737,0.041823926830876657
13,2631,163.96,196.75,0.1999878019029031,198.36284428862794,39027.88961378755,0.041630030331326506
94,1993,122.28,146.74,0.2000327118089631,265.95282080973,39025.91692561978,0.04158752264621057
91,1778,190.15,228.18,0.19999999999999996,170.7914258633846,38971.1875535071,0.04455347132790588
27,1543,486.03,583.24,0.20000822994465373,66.66425745502444,38881.26151806846,0.04202905844554683
97,2306,241.53,289.84,0.20001656108971955,134.06872101061967,38858.478097718,0.11326562666844209
68,2444,727.53,873.04,0.20000549805506296,44.472447651508006,38826.22569767255,0.04232537290301708
42,2956,581.03,697.24,0.2000068843261107,55.582924545278395,38754.63830994991,0.04214741983823456
83,2444,727.53,873.04,0.20000549805506296,44.35978442179277,38727.866191601956,0.04309797205738375
14,2539,158.14,189.77,0.20001264702162658,203.90010405774208,38694.12274703772,0.04162922248947609
108,1311,188.18,225.82,0.20002125624402156,171.20628328691367,38661.80289185084,0.04746621131627715
108,1198,198.88,238.66,0.20002011263073216,161.74834047702927,38602.85893824781,0.1225532632569093
11,1438,195.0,234.0,0.19999999999999996,164.9562179089528,38599.75499069496,0.028684658693052922
57,1109,309.43,371.32,0.20001292699479678,103.89113589705337,38576.85658129386,0.04537383037170306
104,1216,436.56,523.87,0.1999954187282389,73.60698519363086,38560.4913333874,0.041970525804497116
41,1727,372.48,446.98,0.20001073883161502,86.20299296692903,38531.01379635794,0.1266259639436922
152,2104,583.03,699.64,0.20000686071042661,55.070463194200805,38529.49886919065,0.04215405470804856
146,1902,445.23,534.28,0.20000898412056678,72.07497404453117,38508.217132512116,0.04198452826543675
139,1230,361.87,434.24,0.19998894630668462,88.61644169707502,38480.80364253786,0.041878020782104675
39,1993,116.4,139.68,0.19999999999999996,275.25871485350035,38448.13729073693,0.04157639017773074
92,1445,726.53,871.84,0.2000055056226171,43.981930290021566,38345.206104052406,0.04310684294711031
177,2490,290.03,348.04,0.20001379167672328,110.15573600831861,38338.602360335215,0.043699075284220346
149,1885,134.89,161.87,0.20001482689598937,236.82189897723134,38334.360787444435,0.04160255972218907
152,1571,582.03,698.44,0.20000687249798133,54.87765716218219,38328.75086835453,0.04215658695467972
113,2707,207.64,249.17,0.20000963205548072,153.7846136330409,38318.512178944795,0.09176820309976197
177,1445,727.53,873.04,0.20000549805506296,43.883126076733454,38311.72439003137,0.04233734360991381
64,2704,319.13,382.96,0.2000125340770218,99.89802566626578,38256.94790915314,0.045282974669775045
17,1803,157.17,188.6,0.19997454985048035,202.79963041166866,38248.010295640706,0.12664506660963515
24,1230,377.36,452.83,0.1999947000211999,84.21027158698233,38132.937282733204,0.04190252546529394
24,1770,484.03,580.84,0.2000082639505818,65.63374902075356,38122.706781214496,0.04433082055321669
162,1109,309.43,371.32,0.20001292699479678,102.543350608757,38076.39694804365,0.06598306910470009
68,2539,120.31,144.37,0.1999833762779486,263.1718696120733,37994.122815895025,0.03322105323414093
24,1311,155.23,186.28,0.20002576821490692,203.68003266942048,37941.516485659646,0.1256701461526405
42,2306,242.53,291.04,0.20001649280501388,130.23295158843823,37902.99823029906,0.1065741720230321
51,1803,226.01,271.21,0.19999115083403396,139.7088597365924,37890.439849161216,0.04415065139028562
80,2867,728.53,874.24,0.20000549050828376,43.33949268907235,37889.118088494615,0.042348673232909695
68,2640,320.13,384.16,0.20001249492393725,98.54499281332835,37857.04443916822,0.04356465474566662
74,2490,279.36,335.23,0.19999284077892332,112.89637577296406,37846.25205037074,0.045716266793650484
186,1230,359.87,431.84,0.1999888848750937,87.56601442632358,37814.50766986357,0.0418833801756896
143,2490,292.03,350.44,0.2000136972228881,107.86930552783693,37801.71942917517,0.04180272891218628
93,2640,320.13,384.16,0.20001249492393725,98.29434896151118,37760.757097054135,0.04356572207512277
97,2322,363.81,436.57,0.19999450262499652,86.33884220269731,37692.94834043156,0.04189087278950687
152,2760,183.36,220.03,0.1999890924956369,171.25850292222802,37682.00839797783,0.10433134614749584
81,2640,319.13,382.96,0.2000125340770218,98.3056005950788,37647.112803891374,0.043571072293611124
109,1198,192.12,230.54,0.19997917967936707,163.29585834641168,37646.22718318175,0.12301015350168798
174,2577,320.13,384.16,0.20001249492393725,97.88454186534464,37603.3256029908,0.041840032391879056
11,2640,320.13,384.16,0.20001249492393725,97.87905335236727,37601.217135845414,0.041840055125393794
113,2304,484.09,580.91,0.20000413146315776,64.66390289999215,37563.90783363444,0.04204669469830724
76,1207,363.75,436.5,0.19999999999999996,86.05608190604238,37563.4797519875,0.044928590790758394
145,1878,319.13,382.96,0.2000125340770218,98.06639329793258,37555.505977376255,0.041839287925009794
42,2569,244.5,293.4,0.19999999999999996,127.96659276954722,37545.398318585154,0.12201206217056015
152,1993,120.34,144.41,0.20001661957786276,259.9726183911664,37542.64582186834,0.041587963321585764
27,2760,163.99,196.79,0.20001219586560137,190.6440689596422,37516.84633056798,0.10154029189691038
108,1878,320.13,384.16,0.20001249492393725,97.59385455788718,37491.65516695794,0.041841239940647035
43,2494,196.0,235.2,0.19999999999999996,159.34802560506353,37478.65562231094,0.041681300339464045
41,1230,386.12,463.34,0.19998964052626111,80.86098991430734,37466.13106689516,0.11911433116311287
97,1543,484.09,580.91,0.20000413146315776,64.46361786916042,37447.560256373974,0.042048600520855794
76,2867,727.53,873.04,0.20000549805506296,42.88588477883302,37441.09284731238,0.04235834893539503
68,1878,319.13,382.96,0.2000125340770218,97.7086517496807,37418.505274057716,0.045292575515675226
13,1207,388.0,465.6,0.19999999999999996,80.31629578071275,37395.267315499856,0.04192636142364592
104,1207,382.21,458.65,0.19999476727453502,81.39418786877792,37331.444266014994,0.04191883864155532
80,1230,390.0,468.0,0.19999999999999996,79.56431397479014,37236.09894020179,0.04193103011723698
59,2956,640.23,768.28,0.2000062477547131,48.44039380718269,37215.78575418231,0.04225249118463581
83,1543,483.09,579.71,0.2000041400153183,64.11887835460892,37170.35497095034,0.04205191038167044
74,1207,360.9,433.08,0.19999999999999996,85.74664806477497,37135.15834389274,0.041895076614392845
110,2104,582.03,698.44,0.20000687249798133,53.14592433000812,37119.239389050876,0.042180133219314575
73,2826,327.92,393.5,0.1999878019029031,94.30485901034818,37108.96202057201,0.04185079877245468
104,1571,590.73,708.88,0.20000677128298872,52.16430025063225,36978.22916166819,0.04408096938363715
77,2707,206.67,248.0,0.19998064547346028,148.74346192553358,36888.37855753233,0.041695449620434144
20,2490,292.03,350.44,0.2000136972228881,105.00411886834142,36797.64341622157,0.041812768043758664
113,1230,369.63,443.56,0.20001082163244321,82.8983025199162,36770.37106573403,0.04191300380603169
149,2826,327.92,393.5,0.1999878019029031,93.20481218976747,36676.0935966735,0.04185576460915552
91,1230,389.0,466.8,0.19999999999999996,78.52275725429786,36654.42308630624,0.04193764426631119
109,1216,355.08,426.1,0.20001126506702738,85.61799968467572,36481.829665640325,0.12109787727178367
50,1230,368.63,442.36,0.20001085098879634,82.45858215522111,36476.37840218361,0.04191556165830079
68,2490,280.36,336.43,0.19999286631473812,108.37778356683194,36461.537725389266,0.0417971081494759
109,1207,380.24,456.29,0.20000525983589323,79.89758041263477,36456.46696648112,0.04483672193544508
20,1311,152.35,182.82,0.19999999999999996,199.40822007896728,36455.8107948368,0.12851142952009087
32,2956,582.03,698.44,0.20000687249798133,52.18820702791345,36450.331316575874,0.04219382578283415
157,1216,421.95,506.34,0.19999999999999996,71.89303638835064,36402.32004487746,0.04460873204270399
34,1445,726.53,871.84,0.2000055056226171,41.72422890818913,36376.85173131561,0.042384083622375446
73,2322,359.87,431.84,0.1999888848750937,84.23140202046939,36374.4886485195,0.04344099914654276
53,1445,728.53,874.24,0.20000549050828376,41.57698170550972,36348.26048622482,0.042387445196278906
42,2444,727.53,873.04,0.20000549805506296,41.60595499777666,36323.66295125893,0.04315814587402067
11,2956,639.23,767.08,0.20000625752858903,47.32020652338953,36298.38401996164,0.04314729247305238
43,2492,389.03,466.84,0.20001028198339466,77.62623833544195,36239.03310451772,0.04194540816224057
89,1803,121.31,145.57,0.19998351331299968,248.925674862761,36236.110489772116,0.10153788526579721
20,2956,641.23,769.48,0.2000062380113219,47.03911171175787,36195.65567996345,0.042276871764583945
24,1438,194.0,232.8,0.19999999999999996,155.2513109612082,36142.50519176927,0.04452129184300169
51,2104,641.23,769.48,0.2000062380113219,46.90871004526383,36095.31420562961,0.0422792147869826
55,1207,389.0,466.8,0.19999999999999996,77.30910906477338,36087.89211143622,0.04194557594159731
108,2304,485.03,582.04,0.20000824691256214,61.9576264533395,36061.81690090172,0.042074261547112246
57,2867,727.53,873.04,0.20000549805506296,41.29991363454607,36056.4765995041,0.029187791741122182
88,1207,349.23,419.08,0.20001145376972196,85.97056700992229,36028.54522251823,0.041896017483093906
99,1216,436.56,523.87,0.1999954187282389,68.66894834346402,35973.6019686905,0.04200928012722138
20,1571,640.23,768.28,0.2000062477547131,46.808571449737045,35962.08927340397,0.043155264758479195
104,1543,486.03,583.24,0.20000822994465373,61.654575256808464,35959.41447278097,0.04207740501063062
137,2104,639.23,767.08,0.20000625752858903,46.832588740963615,35924.34217141837,0.04315618852252523
57,2490,291.03,349.24,0.20001374428753071,102.8288973663025,35911.964116207484,0.04371933639258074
153,1216,436.56,523.87,0.1999954187282389,68.53710767319579,35904.53459675708,0.04201039132256379
53,2444,728.53,874.24,0.20000549050828376,41.06435817780066,35900.10449336045,0.042399346109813996
74,2569,248.32,297.98,0.19998389175257736,120.38826963476653,35873.29658576773,0.11086315474997599
27,1216,436.56,523.87,0.1999954187282389,68.45879432432467,35863.508582683964,0.0420110533975081
161,2577,319.13,382.96,0.2000125340770218,93.6463601228708,35862.8100726546,0.04531157814289133
73,1885,118.34,142.01,0.20001690045631215,252.24977272665112,35821.99022491172,0.04620769363338684
32,1885,118.37,142.04,0.19996620765396633,252.05214353871753,35801.48646823943,0.04158338250920168
91,1207,390.0,468.0,0.19999999999999996,76.35917137106968,35736.09220166061,0.04195195997395762
152,2444,728.53,874.24,0.20000549050828376,40.85716093861848,35718.96437897782,0.04240424099923468
92,2867,485.03,582.04,0.20000824691256214,61.28054739760683,35667.729807303076,0.09792487338977951
68,1543,482.09,578.51,0.200004148602958,61.59697987256264,35634.46882607621,0.04323215622321197
51,2640,320.13,384.16,0.20001249492393725,92.75445668888918,35632.552081603666,0.04359078493751556
67,1230,382.18,458.62,0.20001046627243713,77.67634044613341,35623.9232554057,0.04339652513047931
137,2492,388.03,465.64,0.20001030848130297,76.43471189710527,35591.0592477681,0.04195338053364139
55,1971,346.35,415.62,0.19999999999999996,85.59783230983352,35576.17106461301,0.04189588108307085
149,1993,135.83,163.0,0.20002944857542504,218.06702502087902,35544.92507840328,0.04161970071475185
64,1971,329.86,395.83,0.19999393682168187,89.62330115679877,35475.591296895655,0.041873925446696325
91,1971,346.35,415.62,0.19999999999999996,85.0630915028416,35353.922090411026,0.04189879500463989
162,1062,160.05,192.06,0.19999999999999996,184.03634373078938,35346.02017693541,0.028667252578939095
17,2539,158.11,189.73,0.19998735057871087,186.27432796147812,35341.82824413124,0.04511094129639126
73,1993,121.31,145.57,0.19998351331299968,242.55316439542415,35308.46414104189,0.041592770909568255
26,1207,354.05,424.86,0.19999999999999996,83.06940477132716,35292.86731114606,0.04502889554494938
89,2760,168.81,202.57,0.19998815236064216,174.05475267548692,35258.271249473386,0.11590236235258289
132,1311,105.79,126.95,0.20001890537858014,277.4274806979562,35219.41867460554,0.08644352213167639
55,1445,486.03,583.24,0.20000822994465373,60.36331442552739,35206.29950554459,0.10162061743370499
52,1878,321.13,385.36,0.20001245601469808,91.0690011323978,35094.35027638082,0.041870365248635966
110,1445,728.53,874.24,0.20000549050828376,40.088471121499644,35046.94499325985,0.04242284236952876
30,1525,320.13,384.16,0.20001249492393725,91.19615246804004,35033.91393212226,0.043598383278875774
59,1878,321.13,385.36,0.20001245601469808,90.53826198731164,34889.824639430415,0.028824250459715706
153,2956,639.23,767.08,0.20000625752858903,45.48281927536608,34888.961009747814,0.04318180744399547
110,1207,340.47,408.56,0.19998825153464317,85.38286729481504,34884.02426196964,0.04513626850897712
41,2569,273.54,328.25,0.20000731154492946,106.20920792361386,34863.17250092625,0.12760852679813162
186,1571,583.03,699.64,0.20000686071042661,49.82115777702078,34856.874827114814,0.042229921985969865
83,1571,582.03,698.44,0.20000687249798133,49.89268133159593,34847.04434923986,0.04222878330569979
113,1885,138.71,166.45,0.19998558142888023,208.9381786236689,34777.75983190969,0.04556597529375561
93,2322,360.9,433.08,0.19999999999999996,80.27091553072364,34763.728098045794,0.041926640688975
81,2492,447.23,536.68,0.20000894394383195,64.770268766033,34760.90784135459,0.04204659217588158
94,1885,119.31,143.17,0.19998323694577147,242.59593895355948,34732.46057998111,0.0461712598281766
108,1216,387.09,464.51,0.20000516675708502,74.74583742028214,34720.18894009526,0.04196414358355771
129,1878,321.13,385.36,0.20001245601469808,90.05078186023606,34701.969297660566,0.04187529209684937
132,1207,381.24,457.49,0.2000052460392403,75.79818348142707,34676.910960918074,0.04195678952878912
14,1571,640.23,768.28,0.2000062477547131,44.957794722437534,34540.174529354306,0.04231589146245329
93,2956,582.03,698.44,0.20000687249798133,49.4139651854442,34512.68984412165,0.04319697739092565
132,2760,161.99,194.39,0.2000123464411383,177.52687950331637,34509.45010664967,0.1007204378937675
101,1847,196.0,235.2,0.19999999999999996,146.69786530637305,34503.33792005894,0.041702781122314514
146,1207,358.9,430.68,0.20000000000000018,80.09197575867528,34494.012119746265,0.04192774494823592
20,2322,390.0,468.0,0.19999999999999996,73.6765319070263,34480.61693248831,0.04197087697520141
146,2492,446.23,535.48,0.2000089639871816,64.318450280133,34441.24375600562,0.042050897960939526
152,1885,118.37,142.04,0.19996620765396633,242.26645055119707,34411.52663629203,0.04620431950710269
91,1062,193.03,231.64,0.20002072216753874,148.17699224594776,34323.718483851335,0.044552291019494206
42,1543,482.09,578.51,0.200004148602958,59.27623492311553,34291.89466537157,0.04325802614689267
81,2867,727.53,873.04,0.20000549805506296,39.23709542646322,34255.55379111945,0.04244429582295628
24,2126,486.03,583.24,0.20000822994465373,58.71501874658546,34244.9475337585,0.04210961158866178
43,2126,485.03,582.04,0.20000824691256214,58.75032641012091,34195.03998374677,0.042109208833604805
20,1971,346.35,415.62,0.19999999999999996,82.21254437669451,34169.177693841775,0.041914967565048644
64,2867,490.85,589.02,0.19999999999999996,57.98612548020376,34154.98763034962,0.10450078290819076
23,2867,485.03,582.04,0.20000824691256214,58.666675700845666,34146.35192492021,0.10171181512503358
27,2640,319.13,382.96,0.2000125340770218,89.04945204627421,34102.37815564117,0.04361468936150281
34,2640,320.13,384.16,0.20001249492393725,88.76329425294628,34099.307120211844,0.04188169088720861
23,1216,423.95,508.74,0.19999999999999996,66.91627898749601,34042.98777209872,0.04202527073980156
58,2322,368.63,442.36,0.20001085098879634,76.95409922018047,34041.41533103903,0.041949978993618076
109,2539,160.11,192.13,0.19998750858784575,177.13703708729966,34033.338935582884,0.04165395514546555
102,2490,291.03,349.24,0.20001374428753071,97.29427521993753,33979.052677810985,0.041842725778358014
145,2867,583.03,699.64,0.20000686071042661,48.52838687085931,33952.400590328005,0.12781596923631433
83,2867,726.53,871.84,0.2000055056226171,38.93660021933095,33946.485535221495,0.043225651910718366
50,2539,138.71,166.45,0.19998558142888023,203.94373987421525,33946.43550206313,0.049445872468946495
26,2867,581.03,697.24,0.2000068843261107,48.64334187460521,33916.08368864974,0.11556143067163516
34,1543,482.09,578.51,0.200004148602958,58.574151681004835,33885.73248897811,0.04441586120268137
76,1543,484.03,580.84,0.2000082639505818,58.33551940825338,33883.6030930899,0.04326525204561449
83,2956,581.03,697.24,0.2000068843261107,48.539543075016866,33843.71101362476,0.04225093950468117
143,2640,320.13,384.16,0.20001249492393725,87.72556063376713,33700.65137306798,0.041886979014506776
32,1878,319.13,382.96,0.2000125340770218,87.9746254463355,33690.76256092864,0.04534104351994728
41,1778,193.03,231.64,0.20002072216753874,145.41402345748818,33683.70439369256,0.041709035959255236
42,1571,582.03,698.44,0.20000687249798133,48.072133116374985,33575.50065380095,0.04225887940158568
55,1311,228.01,273.61,0.19999122845489237,122.6415668238538,33555.95909867464,0.04175421386550604
137,1230,375.39,450.47,0.2000053277924294,74.29570683568339,33467.9870582703,0.0419673895004995
50,2490,292.03,350.44,0.2000136972228881,95.42852081273281,33441.97083361409,0.041850691427887
11,2304,486.03,583.24,0.20000822994465373,57.32249307446126,33432.77086074879,0.042126020666618635
50,2104,583.03,699.64,0.20000686071042661,47.77529635433667,33425.508341348104,0.04226400157583399
61,1230,368.63,442.36,0.20001085098879634,75.55680601361665,33423.30870818346,0.04195951333305814
106,2322,351.17,421.4,0.19998860950536756,79.21558301847017,33381.446683983326,0.04193108911751764
101,2494,195.0,234.0,0.19999999999999996,142.43198197226658,33329.08378151038,0.041710884924133995
113,2444,582.03,698.44,0.20000687249798133,47.712801164670054,33324.52884545216,0.1157434811289364
59,1230,404.49,485.39,0.20000494449800987,68.63336209742761,33313.947628470385,0.04201136923472015
77,2867,726.53,871.84,0.2000055056226171,38.18816156960707,33293.966782846226,0.04324594733929399
61,1445,728.53,874.24,0.20000549050828376,38.066710780838946,33279.44123304064,0.04247534898991767
97,1216,413.25,495.9,0.19999999999999996,67.01570475994127,33233.08799045488,0.04202439128510682
143,2104,582.03,698.44,0.20000687249798133,47.511062222035804,33183.62629835869,0.04226861919526814
17,2640,320.13,384.16,0.20001249492393725,86.29744439726014,33152.02623965146,0.041894464315325175
108,1207,369.63,443.56,0.20001082163244321,74.56203987593726,33072.73840737073,0.04196651318498945
129,1445,726.53,871.84,0.2000055056226171,37.93141386320078,33070.12386249297,0.04247906522136413
23,2956,640.23,768.28,0.2000062477547131,43.02953021309139,33058.72747211385,0.042355405251652045
68,2104,582.03,698.44,0.20000687249798133,47.307456035453,33041.4195934018,0.04227221073554421
174,2492,388.03,465.64,0.20001030848130297,70.94661936551103,33035.58384135655,0.043424710406488876
106,1543,484.09,580.91,0.20000413146315776,56.863472997736416,33032.56009911506,0.04213083353824287
174,1198,156.23,187.48,0.2000256032772194,176.02519226115615,33001.203045121554,0.12243749642782908
126,1207,378.33,454.0,0.20001057278037693,72.67148785689524,32992.855487030436,0.04198030844780787
174,1207,390.0,468.0,0.19999999999999996,70.4685792519411,32979.29508990843,0.04199538813930703
104,1525,319.13,382.96,0.2000125340770218,86.07367554780706,32962.77478778819,0.04189566700708669
64,1571,317.25,380.7,0.19999999999999996,86.51616172654474,32936.70276929558,0.10552780913688586
26,1993,131.92,158.3,0.1999696785930869,207.97811395161037,32922.93543853992,0.045765148091737706
126,1571,640.23,768.28,0.2000062477547131,42.73573712551693,32833.01211879215,0.04236173835614154
143,2577,320.13,384.16,0.20001249492393725,85.37596258049865,32798.029784924365,0.041899427007847545
99,1198,170.75,204.9,0.19999999999999996,160.0375669067662,32791.697459196395,0.12696645839214715
64,1543,482.09,578.51,0.200004148602958,56.66793004113285,32782.964208095764,0.0444398260302048
91,2569,278.42,334.1,0.1999856332160046,98.02050107020114,32748.649407554203,0.1288959550632257
27,2704,320.13,384.16,0.20001249492393725,84.9608654892161,32638.56608633726,0.04363157427876685
88,1885,118.34,142.01,0.20001690045631215,229.26190592030238,32557.48325974214,0.046509851991443196
81,2104,583.03,699.64,0.20000686071042661,46.50521208620632,32536.90658399339,0.04228666560595229
186,1207,359.93,431.92,0.20001111327202503,75.29204086824639,32520.138291812982,0.041961409016417206
145,2539,134.86,161.83,0.19998516980572445,200.9181168707116,32514.57885318726,0.04568578454955463
52,1847,194.0,232.8,0.19999999999999996,139.25033312916548,32417.477552469725,0.04735064732898775
162,2826,326.92,392.3,0.19998776459072554,82.6161296699161,32410.30766950809,0.04191031649330068
101,2539,158.11,189.73,0.19998735057871087,170.72414282352833,32391.49161790803,0.04166234312735828
52,2139,290.03,348.04,0.20001379167672328,93.06467280957287,32390.228724643744,0.04376811322281404
129,1207,355.99,427.19,0.2000056181353409,75.6748086355122,32327.52150100446,0.0419577126668923
106,1207,359.9,431.88,0.19999999999999996,74.82062766225305,32313.532674773844,0.041962643420515144
23,2494,196.0,235.2,0.19999999999999996,137.2977915386256,32292.44056988474,0.11532155683003864
104,2304,485.03,582.04,0.20000824691256214,55.44320924395333,32270.165508350598,0.04329927089190255
88,2707,201.76,242.11,0.19999008723235545,133.21121474482416,32251.76720186938,0.04172832384202174
27,2126,507.31,608.77,0.19999605763734207,52.96813921269942,32245.414108515026,0.04437552562175484
81,2322,359.93,431.92,0.20001111327202503,74.53749729539604,32194.235831827456,0.04196674311371262
126,2704,321.13,385.36,0.20001245601469808,83.51704865343385,32184.129869087268,0.041909764125521276
92,2322,350.23,420.28,0.20001142106615633,76.5445072800073,32170.125519641464,0.04195284472673788
11,2494,194.0,232.8,0.19999999999999996,138.16840931621596,32165.605688815078,0.03159141429015244
149,1230,357.93,429.52,0.20001117536948554,74.77545807044957,32117.5547504195,0.0450541099541919
42,2539,135.83,163.0,0.20002944857542504,196.9369674528014,32100.72569480663,0.04163923620891896
26,2444,582.03,698.44,0.20000687249798133,45.916374791919544,32069.83280966829,0.115939252630199
145,1216,414.25,497.1,0.19999999999999996,64.45320645535233,32039.688928955646,0.042047923080920535
129,2640,319.13,382.96,0.2000125340770218,83.59034751599891,32011.759484726943,0.04190936215692764
26,1971,328.86,394.63,0.19999391838472302,80.968237660648,31952.49562802152,0.043606268154342875
77,1993,120.31,144.37,0.1999833762779486,221.22358365044835,31938.048771615227,0.041608525794509355
76,2490,291.03,349.24,0.20001374428753071,91.42305947981824,31928.58929273172,0.043769569416591714
129,2539,134.86,161.83,0.19998516980572445,197.09889390134117,31896.514000054045,0.041630823416059726
27,1847,196.0,235.2,0.19999999999999996,135.51079070860203,31872.137974663197,0.04172511805624135
146,2577,319.13,382.96,0.2000125340770218,83.16203695326226,31847.733671621314,0.04191180687845386
161,2104,582.03,698.44,0.20000687249798133,45.59622643345187,31846.228390180124,0.042303662716409174
110,1543,482.09,578.51,0.200004148602958,55.0164409291467,31827.561241920655,0.043311186441941985
20,2126,486.03,583.24,0.20000822994465373,54.417169881015816,31738.270161403667,0.05252286695839481
42,2577,321.13,385.36,0.20001245601469808,82.32900906764465,31726.306934307544,0.04191661983212858
129,1230,367.63,441.16,0.2000108805048555,71.9112122520888,31724.350397131497,0.04349619784557035
58,1993,133.86,160.63,0.19998505901688324,197.05716717379363,31653.29276312647,0.045720028925797074
57,2444,726.53,871.84,0.2000055056226171,36.30423409345235,31651.4834520355,0.04330073375232557
74,2640,321.13,385.36,0.20001245601469808,82.06609516508901,31624.9904328187,0.04191816381481306
77,1543,482.09,578.51,0.200004148602958,54.64401467079741,31612.10892720301,0.04446709905967883
109,2306,244.5,293.4,0.19999999999999996,107.74164334034074,31611.398156055973,0.10710046356950798
104,2704,320.13,384.16,0.20001249492393725,82.20362778097976,31579.345648341186,0.04191736220623332
36,2306,244.5,293.4,0.19999999999999996,107.57651647363545,31562.949933364638,0.10710181345727887
59,1198,171.75,206.1,0.19999999999999996,153.08970032964282,31551.787237939385,0.12219194407179856
26,1885,138.74,166.49,0.20001441545336607,189.50122462382518,31550.058887620657,0.04559172591773397
157,1878,319.13,382.96,0.2000125340770218,82.36657938792636,31543.105242400277,0.04191641463507578
110,1878,320.13,384.16,0.20001249492393725,82.10250030154131,31540.496515840114,0.043648473978552205
65,2492,446.23,535.48,0.2000089639871816,58.884758441406184,31531.610450204185,0.04210780266176384
83,2760,182.36,218.83,0.1999890326826057,144.08531026268003,31530.18844478227,0.10403716940190832
153,2322,390.0,468.0,0.19999999999999996,67.36872101765078,31528.561436260567,0.042021289694369246
14,1971,346.35,415.62,0.19999999999999996,75.73791949585734,31478.19410086823,0.0419562216471534
157,2322,349.23,419.08,0.20001145376972196,74.92425663883589,31399.257472203342,0.041964059478493576
36,1438,196.0,235.2,0.19999999999999996,133.48464981002653,31395.589635318236,0.041729563928685764
153,1311,169.75,203.7,0.19999999999999996,153.7931060965969,31327.655711876785,0.12725513852785308
66,2760,192.06,230.47,0.19998958658752475,135.9252085088381,31326.682805031916,0.11928196246716749
74,2956,581.03,697.24,0.2000068843261107,44.796580649225994,31233.967891866334,0.04328312844531945
13,1247,447.23,536.68,0.20000894394383195,58.152491497945384,31209.279137117326,0.04211628014331048
91,1727,464.63,557.56,0.20000860900071005,55.91349085087864,31175.12595881589,0.04214352660800591
91,1109,271.63,325.96,0.20001472591392688,95.48207089083353,31123.335827576095,0.10732672463721649
137,1770,485.03,582.04,0.20000824691256214,53.41840606476168,31091.64906593389,0.042176586346576395
126,1230,372.51,447.01,0.19999463101661696,69.54882045771063,31089.01823280123,0.04349281021909457
153,1543,484.03,580.84,0.2000082639505818,53.45730641559299,31050.14185843303,0.044475619915091524
129,1971,328.86,394.63,0.19999391838472302,78.6485173812249,31037.064414152785,0.043621274616216565
110,1571,583.03,699.64,0.20000686071042661,44.31925075663955,31007.520599375293,0.04232871199575283
94,1445,726.53,871.84,0.2000055056226171,35.540150073009606,30985.324439652697,0.04409708938205159
61,1207,359.87,431.84,0.1999888848750937,71.71053220270697,30967.476226416977,0.04198355165735257
74,1993,119.31,143.17,0.19998323694577147,216.05174546673467,30932.1283984724,0.05067717747177092
77,2322,368.63,442.36,0.20001085098879634,69.6116527370698,30793.4107047702,0.04200435598429875
53,2704,320.13,384.16,0.20001249492393725,80.03013827251749,30744.377918770322,0.030619307737434487
65,2306,241.53,289.84,0.20001656108971955,106.05150503987038,30737.96822075603,0.1059904415898425
81,2760,184.36,221.23,0.1999891516597958,138.87980751765787,30724.37981713145,0.1042983107118729
68,2322,369.63,443.56,0.20001082163244321,69.20578835089938,30696.91948092493,0.04200769256255532
161,2664,246.41,295.69,0.19999188344628882,103.79244421250286,30690.38782919497,0.11925788555094186
93,1878,321.13,385.36,0.20001245601469808,79.60101011533186,30675.045258044287,0.04193313608321381
129,2704,321.13,385.36,0.20001245601469808,79.43303267149567,30610.313470287572,0.041934190135187066
42,2492,454.93,545.92,0.20000879256149284,56.064117960771654,30606.52327714446,0.04214165557999505
109,1525,319.13,382.96,0.2000125340770218,79.73292772073847,30534.521999934004,0.045391327505067025
80,1803,194.03,232.84,0.20002061536875737,131.0171626467187,30506.036150661985,0.11890656956541701
34,2322,368.63,442.36,0.20001085098879634,68.94116284257466,30496.812795041325,0.042009898317192595
52,1438,195.0,234.0,0.19999999999999996,130.30249731977713,30490.78437282785,0.04455896502943191
106,2104,582.03,698.44,0.20000687249798133,43.653190883526854,30489.1346406905,0.042342361940068574
65,2304,482.09,578.51,0.200004148602958,52.65261701409243,30460.06546882261,0.029043157504516914
30,1216,416.13,499.36,0.20000961238074644,60.97279595345028,30447.375387314933,0.04208485850126109
129,2490,292.03,350.44,0.2000136972228881,86.87980710144876,30446.159600631705,0.04189160747803611
53,1571,590.73,708.88,0.20000677128298872,42.88288758076599,30398.821348253394,0.042358654624220615
73,1207,367.63,441.16,0.2000108805048555,68.8651653036264,30380.556325347825,0.04352143667542474
153,2306,256.08,307.3,0.2000156201187131,98.5517934598093,30284.9661301994,0.11074034926379983
93,1207,362.78,435.34,0.20001102596615028,69.51016660856033,30260.55593137065,0.04200522088219749
86,1993,159.14,190.97,0.20001256755058439,158.45248091546742,30259.670280426813,0.041685051669620776
129,1216,414.25,497.1,0.19999999999999996,60.833529293339026,30240.34741171883,0.04208453880526042
129,2867,728.53,874.24,0.20000549050828376,34.564919677124806,30218.035378529592,0.042580808784265844
53,1543,486.03,583.24,0.20000822994465373,51.77311484361154,30196.151501387994,0.0422001737376595
106,2539,121.28,145.54,0.200032981530343,207.25240128598375,30163.514483162075,0.028654651226366235
50,2306,241.53,289.84,0.20001656108971955,104.03829266177556,30154.458745089025,0.10622749590546021
53,1803,147.5,177.0,0.19999999999999996,170.20020138021638,30125.4356442983,0.11642864177674528
137,2494,196.0,235.2,0.19999999999999996,128.05082064997916,30117.553016875096,0.041742181539142664
88,2826,325.92,391.1,0.19998772704958268,76.92955813863895,30087.150188021697,0.041945805352756604
106,1878,321.13,385.36,0.20001245601469808,78.04210011614381,30074.30370075718,0.041943092435627216
153,2539,158.14,189.77,0.20001264702162658,158.19446517469183,30020.56365620127,0.041685475101184366
76,1198,254.14,304.97,0.20000786967813045,98.30900225445441,29981.296417540965,0.046162804910205524
89,2956,639.23,767.08,0.20000625752858903,39.0645016916916,29965.597957662798,0.04332782679403968
27,2304,484.03,580.84,0.2000082639505818,51.54096328359705,29937.053113644513,0.042203629952988875
109,1543,486.03,583.24,0.20000822994465373,51.26350102623501,29898.92433854131,0.04220778761268451
88,2322,369.63,443.56,0.20001082163244321,67.36932671379681,29882.33855717171,0.04202331793932135
74,1885,119.34,143.21,0.20001675884028836,207.64754255727144,29737.204569626843,0.04162647417467713
93,1543,483.09,579.71,0.2000041400153183,51.14847767084126,29651.28399056339,0.042208755267281406
17,1207,389.0,466.8,0.19999999999999996,63.48116930616075,29633.00983211584,0.043487105571444085
14,1803,169.75,203.7,0.19999999999999996,145.4509338136268,29628.355217835775,0.11082160687302733
58,1216,414.25,497.1,0.19999999999999996,59.58817346401647,29621.28102896259,0.042098164320279796
91,2826,378.33,454.0,0.20001057278037693,65.14864225939297,29577.48358576441,0.042043341570644044
186,2640,321.13,385.36,0.20001245601469808,76.49663196222407,29478.742092962668,0.041953363285318845
186,1543,484.09,580.91,0.20000413146315776,50.723599193437224,29465.846007459615,0.04221524722272452
80,1311,186.3,223.56,0.19999999999999996,131.66411460329277,29434.82946071213,0.11163733825199396
146,2539,121.31,145.57,0.19998351331299968,201.10816868003147,29275.31611475218,0.041626499738437905
39,2492,446.23,535.48,0.2000089639871816,54.6093320872307,29242.205146070293,0.04216053190887192
74,1571,582.03,698.44,0.20000687249798133,41.811720342470856,29202.977955995346,0.04238235470772156
72,1216,416.13,499.36,0.20000961238074644,58.422963621436836,29174.091114000697,0.04478190579858832
55,1993,159.14,190.97,0.20001256755058439,152.75490440480198,29171.604094185033,0.04169439599804825
11,2577,319.13,382.96,0.2000125340770218,76.07304925126145,29132.934941263084,0.045417148421385334
137,1438,194.0,232.8,0.19999999999999996,125.08892898501655,29120.702667711856,0.044586933876356816
66,1543,482.09,578.51,0.200004148602958,50.26333639448071,29077.842737571034,0.0422224085923788
42,2104,581.03,697.24,0.2000068843261107,41.68593006867819,29065.09788108518,0.04335059680152453
143,2126,509.31,611.17,0.19999607311853285,47.50609736818066,29034.301528510972,0.042266665680601
51,2760,161.99,194.39,0.2000123464411383,149.32069947003106,29026.450769979336,0.11284216073171816
43,2577,321.13,385.36,0.20001245601469808,75.26113659858056,29002.631599629007,0.041961877352891586
67,2126,476.27,571.52,0.19999160140256578,50.74100170825297,28999.49729630074,0.06419096826527904
97,1230,348.29,417.95,0.20000574234115231,69.24012912431996,28938.911967509528,0.042006454144129624
36,1198,170.75,204.9,0.19999999999999996,141.20999537159128,28933.928051639054,0.12146427334142762
99,2577,319.13,382.96,0.2000125340770218,75.47901039076538,28905.44181924751,0.04542157550367487
93,1445,727.53,873.04,0.20000549805506296,33.1067710849983,28903.535428046915,0.1284140131134075
64,2640,320.13,384.16,0.20001249492393725,75.21509878423561,28894.632348951953,0.04196220731334199
153,1207,377.39,452.87,0.20000529955748703,63.703636626372585,28849.465918985352,0.04205616077113605
126,1543,485.03,582.04,0.20000824691256214,49.439206838510984,28775.595948286933,0.0290778551493428
13,2492,387.03,464.44,0.20001033511614086,61.919247564023905,28757.775338635263,0.04207505120669541
101,1438,195.0,234.0,0.19999999999999996,122.82798246249718,28741.74789622434,0.04457869573977302
65,2577,321.13,385.36,0.20001245601469808,74.56144182487726,28732.997221634705,0.041966824177555484
59,1247,445.23,534.28,0.20000898412056678,53.66861138274031,28674.065689570492,0.044671906785886284
30,1571,641.23,769.48,0.2000062380113219,37.25382733559051,28666.075058190185,0.042498206729695176
50,2577,321.13,385.36,0.20001245601469808,74.34868460062245,28651.009097695867,0.04196834681586903
64,2444,583.03,699.64,0.20000686071042661,40.90031167044449,28615.49405710978,0.1164638107842465
149,1445,726.53,871.84,0.2000055056226171,32.79983284590589,28596.206268374593,0.044193458704830824
80,2104,641.23,769.48,0.2000062380113219,37.16229216612647,28595.640575990998,0.04250082684024348
81,2539,118.37,142.04,0.19996620765396633,200.72033012979992,28510.31569163678,0.04162365802596801
88,1445,726.53,871.84,0.2000055056226171,32.67741328156632,28489.47599540078,0.04342396903082091
86,1543,486.03,583.24,0.20000822994465373,48.804359878312134,28464.65485542677,0.04224676139496297
17,1216,416.13,499.36,0.20000961238074644,56.97352875628716,28450.301319739556,0.042130518765396086
92,1230,326.92,392.3,0.19998776459072554,72.50686008745859,28444.441212310005,0.041977265998801694
152,2492,447.23,536.68,0.20000894394383195,52.90410164880787,28392.573272882204,0.042183934508589926
24,1198,190.12,228.14,0.1999789606564275,124.27932401431654,28353.084980626176,0.11833433399182747
137,2577,319.13,382.96,0.2000125340770218,73.91553591128717,28306.69363258653,0.045433567214841486
99,2306,244.5,293.4,0.19999999999999996,96.46329754593162,28302.331499976335,0.10742705833864474
50,1207,351.2,421.44,0.19999999999999996,67.15474306234117,28301.69491619306,0.042023165808566576
143,2867,726.53,871.84,0.2000055056226171,32.3762029824787,28226.86880824423,0.04420981054605477
68,2304,483.09,579.71,0.2000041400153183,48.67180403488353,28215.531517062333,0.042248201471940416
43,1248,163.99,196.79,0.20001219586560137,143.32274699003818,28204.48338016961,0.041711428413642615
73,2707,209.58,251.5,0.20001908579062877,112.03355844635959,28176.43994925944,0.041790060387403405
55,1803,158.11,189.73,0.19998735057871087,148.4217641788528,28160.06131765374,0.11119319912755588
77,2539,120.34,144.41,0.20001661957786276,194.79552194410013,28130.4213239475,0.03285634700604023
41,1062,195.03,234.04,0.2000205096651797,120.17315248132799,28125.324606730002,0.041766330728334244
83,1247,447.23,536.68,0.20000894394383195,52.40292843736255,28123.60363376373,0.04219110314296004
17,2760,161.99,194.39,0.2000123464411383,144.6407532761668,28116.716029354062,0.11314697581232902
17,1543,485.03,582.04,0.20000824691256214,48.26867847513995,28094.301619670456,0.04225578065969515
61,1525,319.13,382.96,0.2000125340770218,73.34286045453612,28087.381839669153,0.04543808743694833
139,1993,116.43,139.72,0.20003435540668213,200.97197523057943,28079.80437921656,0.04633027621641672
94,1230,364.75,437.7,0.19999999999999996,64.12376954533215,28066.973929991884,0.043575347001713505
157,1230,357.93,429.52,0.20001117536948554,65.34054884541088,28065.07254008088,0.04204166659463482
13,2126,484.03,580.84,0.2000082639505818,48.21607963230511,28005.8276936281,0.05482120325926265
76,1438,195.0,234.0,0.19999999999999996,119.61291710436774,27989.42260242205,0.04176404622834229
110,2704,319.13,382.96,0.2000125340770218,73.07569341901504,27985.067551745997,0.045440220451574254
74,2104,605.28,726.34,0.20000660851176333,38.507276277792876,27969.375051612078,0.044316521831446076
88,1216,417.13,500.56,0.20000958933665758,55.87095884033618,27966.767157118677,0.042144251274325084
74,1230,354.08,424.9,0.20001129688206065,65.77088561512643,27946.04929786722,0.04203771730041994
149,2490,290.03,348.04,0.20001379167672328,80.20403476499213,27914.212259607863,0.0438394524491319
34,1525,320.13,384.16,0.20001249492393725,72.63458650985395,27903.302753625492,0.043713945679328736
76,2322,388.0,465.6,0.19999999999999996,59.899862704924594,27889.376075412893,0.044954473072208234
29,1993,121.28,145.54,0.200032981530343,191.61494115650783,27887.638535918148,0.04164549382143079
76,2539,158.11,189.73,0.19998735057871087,146.6773368595582,27829.091122363978,0.04517303212970436
153,2704,319.13,382.96,0.2000125340770218,72.5829603606069,27796.37049969802,0.04371976530311483
20,1207,365.75,438.9,0.19999999999999996,63.29686253562657,27780.9929668865,0.04205916543207033
126,1525,319.13,382.96,0.2000125340770218,72.49943227915865,27764.382585626598,0.0437204199141894
77,1109,170.72,204.86,0.19997656982193068,135.48975849811723,27756.4319259243,0.10053635757458834
55,2569,242.53,291.04,0.20001649280501388,95.34301968220981,27748.632448310345,0.1252798582218726
20,1438,196.0,235.2,0.19999999999999996,117.85358507215787,27719.16320897153,0.04176899940679879
76,2494,196.0,235.2,0.19999999999999996,117.72532682530176,27688.996869310973,0.041769366289497234
81,2126,436.53,523.84,0.20000916317320705,52.74500987560436,27629.94597323659,0.11711868737032283
88,2104,581.03,697.24,0.2000068843261107,39.61178933785114,27618.92399792333,0.04340146587206972
104,2640,320.13,384.16,0.20001249492393725,71.68484916089677,27538.451653650107,0.043721467079644305
23,1525,319.13,382.96,0.2000125340770218,71.7217534989952,27466.562719975198,0.04545127424389517
58,1543,484.09,580.91,0.20000413146315776,47.25312906759915,27449.81520665902,0.04227265625472254
67,1247,447.23,536.68,0.20000894394383195,51.04073434340308,27392.541307417563,0.04221129831681836
152,2577,319.13,382.96,0.2000125340770218,71.47043171021218,27370.316527742856,0.04198985060423699
34,2539,117.37,140.84,0.19996591974098998,194.2505719406399,27358.250552119724,0.0508455273102274
143,1543,484.09,580.91,0.20000413146315776,47.0757298168953,27346.762207932647,0.042275818017115774
162,2867,582.03,698.44,0.20000687249798133,39.00742213606195,27244.34391671111,0.1163260318004341
126,2126,486.03,583.24,0.20000822994465373,46.65711786288139,27212.297422346943,0.056758571102968225
143,2760,184.36,221.23,0.1999891516597958,122.67310542785674,27138.971113804746,0.11637844291704236
73,1445,582.03,698.44,0.20000687249798133,38.822165424985045,27114.953219426556,0.11645250940018026
108,1247,446.23,535.48,0.2000089639871816,50.57789421371722,27083.4507935613,0.04221841132143511
149,1543,482.09,578.51,0.200004148602958,46.80869288487708,27079.296920830242,0.0445949012271708
43,1847,196.0,235.2,0.19999999999999996,115.02662575273553,27054.262377043393,0.041777275577319584
20,1543,486.03,583.24,0.20000822994465373,46.369295112060364,27044.427681158086,0.04228942331189667
109,2492,389.03,466.84,0.20001028198339466,57.839409479710035,27001.74992150783,0.04212022379940383
59,1216,417.13,500.56,0.20000958933665758,53.85613938145414,26958.229128780684,0.04350782212729443
174,2494,194.0,232.8,0.19999999999999996,115.56608793047472,26903.785270214517,0.047416557764911604
72,1525,319.13,382.96,0.2000125340770218,70.03843554560042,26821.919276543136,0.043740407058378894
80,1847,195.0,234.0,0.19999999999999996,114.60746267883607,26818.14626684764,0.041778537458506904
77,1445,728.53,874.24,0.20000549050828376,30.670151673952383,26813.073399436133,0.04272635263035229
29,2322,353.08,423.7,0.20001132887730821,63.22529864413994,26788.559035522092,0.04363677401801602
67,1847,194.0,232.8,0.19999999999999996,115.02947867440768,26778.86263540211,0.04461647816223191
20,2104,641.23,769.48,0.2000062380113219,34.79842533381451,26776.692325863587,0.04257325907674592
41,1885,160.11,192.13,0.19998750858784575,139.3432460711725,26772.017867654373,0.0417147310409367
39,1885,119.31,143.17,0.19998323694577147,186.90060195967402,26758.55918256653,0.046225130909388956
75,2306,266.81,320.17,0.19999250402908442,83.50663786127579,26736.320244044673,0.11443044671272196
86,2539,159.14,190.97,0.20001256755058439,139.77106334103289,26692.07996623705,0.04171853546738313
88,1230,368.63,442.36,0.20001085098879634,60.28445572720885,26667.431835488107,0.04209251918010515
75,2539,142.65,171.18,0.19999999999999996,155.74318486965433,26660.11838598743,0.04168706617197415
174,1438,196.0,235.2,0.19999999999999996,113.20759611674347,26626.426606658064,0.04178281941635398
20,1216,417.13,500.56,0.20000958933665758,53.13461343687224,26597.06210196077,0.04351812345673822
89,2704,321.13,385.36,0.20001245601469808,68.9622795294693,26575.30403947629,0.042010023633915705
26,2640,319.13,382.96,0.2000125340770218,69.34829699923169,26557.623818825767,0.042006836288206006
129,2104,582.03,698.44,0.20000687249798133,37.94971078610278,26505.596001445625,0.043444577016987784
17,2490,291.03,349.24,0.20001374428753071,75.8517329855085,26490.45922785899,0.041958014560678714
32,2126,435.53,522.64,0.20000918421233904,50.59647871742962,26443.743636877414,0.1078827337832845
152,2304,482.09,578.51,0.200004148602958,45.65693167965407,26412.991545996676,0.04461738200823406
92,2707,199.82,239.78,0.19997998198378553,109.88608366989948,26348.485142368496,0.047270601007766144
50,2867,727.53,873.04,0.20000549805506296,30.171213134160705,26340.67591464766,0.042747710389474
177,1571,582.03,698.44,0.20000687249798133,37.70398042219279,26333.968086076336,0.0424856269106636
152,2490,187.24,224.69,0.20001068147831647,116.98978497881848,26286.434786890724,0.11301897427741314
42,2760,184.36,221.23,0.1999891516597958,118.55661345926612,26228.27959559344,0.11695621224523844
23,2760,163.99,196.79,0.20001219586560137,133.20796858001287,26213.996136860733,0.10203603546208573
50,2322,367.63,441.16,0.2000108805048555,59.393855568657244,26202.19332266883,0.04361644095189576
186,2322,354.11,424.93,0.1999943520375025,61.58481858112479,26169.236959677357,0.04207552254464908
89,1198,152.29,182.75,0.20001313283866318,143.10599048036983,26152.619760287587,0.10876417632788116
53,1971,346.35,415.62,0.19999999999999996,62.85912881178364,26125.511116753518,0.04206352907521205
92,1993,115.43,138.52,0.20003465303647228,188.60243036733942,26125.20865448386,0.04638490792726169
139,2707,207.58,249.1,0.20001926967915984,104.67328599017317,26074.115540152136,0.041815004736138195
29,1543,484.09,580.91,0.20000413146315776,44.85674858355127,26057.733819670768,0.042317477467325504
124,1543,486.03,583.24,0.20000822994465373,44.654488540675956,26044.283896463847,0.04232225583474358
76,1971,349.2,419.04,0.20000000000000018,62.150729978182724,26043.64189005769,0.04366331784789346
89,1438,195.0,234.0,0.19999999999999996,111.21038270034903,26023.22955188167,0.044614625823124254
126,1216,436.56,523.87,0.1999954187282389,49.66859249424927,26019.885549962364,0.04223020621515483
34,2444,727.53,873.04,0.20000549805506296,29.79253205944624,26010.072189178947,0.04354231863686164
162,2444,581.03,697.24,0.2000068843261107,37.300208916343905,26007.197664831623,0.11630091516674612
106,1216,418.13,501.76,0.20000956640279344,51.81257887682803,25997.47957723723,0.04219984251782616
129,2322,344.38,413.26,0.2000116150763691,62.86524336465514,25979.690472877384,0.04206565243476046
113,2867,582.03,698.44,0.20000687249798133,37.14763690477806,25945.395519773192,0.1164546483320309
57,2707,193.09,231.71,0.2000103578642085,111.90093617915208,25928.56592207133,0.1298193645614395
157,1543,482.09,578.51,0.200004148602958,44.7437093570678,25884.683300157292,0.044636028678954554
146,1770,454.93,545.92,0.20000879256149284,47.34505319173711,25846.61143843312,0.04227190806144321
67,2631,162.02,194.42,0.19997531168991478,132.8887728052811,25836.235208802747,0.04172628851999882
161,2444,727.53,873.04,0.20000549805506296,29.576419365083947,25821.39716249289,0.042774109810667316
161,1525,321.13,385.36,0.20001245601469808,66.974618869473,25809.33912754012,0.04202709523254855
143,2492,454.93,545.92,0.20000879256149284,47.20438283666581,25769.816678192597,0.04227440358206669
32,2492,447.23,536.68,0.20000894394383195,47.96773839505573,25743.325841858506,0.04226106574310029
162,1445,582.03,698.44,0.20000687249798133,36.84454741878236,25733.705699174356,0.11647683564826194
50,1571,583.03,699.64,0.20000686071042661,36.781197782703664,25733.597216690792,0.04251199364841318
153,1803,190.18,228.22,0.20002103270585758,112.6737681089565,25714.40735782605,0.12763435350638108
132,1878,319.13,382.96,0.2000125340770218,67.14422065709762,25713.550742842104,0.042025613810175666
86,1438,196.0,235.2,0.19999999999999996,109.3173676826747,25711.44487896509,0.04179529460119069
89,1543,486.03,583.24,0.20000822994465373,44.06356552412492,25699.633956290618,0.04233416141568136
51,2126,484.03,580.84,0.2000082639505818,44.21387502928591,25681.18717201043,0.05595568306843157
126,2760,163.99,196.79,0.20001219586560137,130.42902949165386,25667.12871366256,0.11407012217970947
113,2306,242.53,291.04,0.20001649280501388,88.17527944122038,25662.533328572783,0.10647673215801845
161,1543,483.09,579.71,0.2000041400153183,44.26357365009131,25660.036280694436,0.042329322284458626
149,1207,367.63,441.16,0.2000108805048555,58.16383569435315,25659.55775492084,0.04363104731280243
75,1207,325.98,391.18,0.20001227069145333,65.56594719557255,25648.08722396407,0.04203978550352794
64,1216,413.25,495.9,0.19999999999999996,51.70207880611073,25639.06087995031,0.042199673252645176
20,2304,486.03,583.24,0.20000822994465373,43.9448162509594,25630.37463020956,0.042336592508894544
99,2760,163.99,196.79,0.20001219586560137,129.92924928552725,25568.776966898906,0.11350201841985286
77,1571,583.03,699.64,0.20000686071042661,36.54266792429075,25566.712186550776,0.04251902612672853
55,1885,156.23,187.48,0.2000256032772194,136.10435294333965,25516.844089817318,0.041728619300932634
13,1770,485.03,582.04,0.20000824691256214,43.81457894821323,25501.837531018027,0.04349401597289548
59,1207,388.0,465.6,0.19999999999999996,54.6959579717354,25466.438031640006,0.04359438865826304
104,2956,640.23,768.28,0.2000062477547131,33.132566318650234,25455.0880512926,0.042630505691441
51,2139,283.24,339.89,0.20000706114955502,74.73320057618217,25401.067543838555,0.04586086647682752
161,2760,182.36,218.83,0.1999890326826057,116.03944221775868,25392.911140512133,0.11619184693147244
30,2126,485.03,582.04,0.20000824691256214,43.58728567834886,25369.543756226172,0.05592056568175219
93,2304,482.09,578.51,0.200004148602958,43.78583651368812,25330.544281533712,0.04233909537269642
53,1311,188.18,225.82,0.20002125624402156,112.0944509112157,25313.16890477073,0.115877337465906
153,2577,319.13,382.96,0.2000125340770218,66.04002265594175,25290.687076319453,0.0455025993568543
36,1847,195.0,234.0,0.19999999999999996,107.99506002488503,25270.844045823098,0.041799739566826255
174,1770,485.03,582.04,0.20000824691256214,43.370358135743956,25243.28324932841,0.042348544103778196
174,2306,243.5,292.2,0.19999999999999996,86.31498301124303,25221.238035885213,0.10723430645772147
26,1216,414.25,497.1,0.19999999999999996,50.73029507077502,25218.029679682266,0.04221436427093239
145,1525,320.13,384.16,0.20001249492393725,65.624283748266,25210.224844733868,0.04203928984049354
30,2956,641.23,769.48,0.2000062380113219,32.67908438476442,25145.901852388528,0.04264709640647757
67,2494,196.0,235.2,0.19999999999999996,106.79244948594028,25117.584119093153,0.04180387771109473
17,1525,320.13,384.16,0.20001249492393725,65.31080806819625,25089.800027478275,0.04204219110948304
14,1543,486.03,583.24,0.20000822994465373,42.87448077817207,25006.112169061078,0.04235911207493681
93,2867,727.53,873.04,0.20000549805506296,28.598114485013376,24967.297869996077,0.04281991606994173
67,1438,196.0,235.2,0.19999999999999996,106.08475444294547,24951.134244980774,0.041806356700618164
174,2640,320.13,384.16,0.20001249492393725,64.89849417549212,24931.405522457055,0.04378161351260723
108,2126,476.33,571.6,0.20000839753952104,43.58593654692312,24913.72133022126,0.04234405182932843
92,1207,360.87,433.04,0.1999889156760053,57.4824252036566,24892.189410191455,0.04212045788242735
109,2760,163.99,196.79,0.20001219586560137,126.31719216454167,24857.960246060153,0.1135239932758958
153,1878,321.13,385.36,0.20001245601469808,64.50446832327036,24857.441913055467,0.042049776073802
59,2306,256.08,307.3,0.2000156201187131,80.85659842367733,24847.23269559604,0.11119059870088888
106,2760,183.36,220.03,0.1999890924956369,112.84936216316633,24830.245156761488,0.10433411251449543
72,1803,188.18,225.82,0.20002125624402156,109.87953403837393,24812.9963765456,0.11271577589213211
81,1230,359.9,431.88,0.19999999999999996,57.42461860831158,24800.544284557607,0.04367049940956713
23,1311,152.35,182.82,0.19999999999999996,135.54442500239927,24780.231778938632,0.1129296250592926
36,2304,485.03,582.04,0.20000824691256214,42.56556701312681,24774.862624320325,0.04236582514637455
139,1216,290.03,348.04,0.20001379167672328,71.04696849226129,24727.18691404662,0.11639216472323755
50,2139,284.24,341.09,0.20000703630734584,72.46964344787953,24718.67068363723,0.04198116500255866
153,1198,194.03,232.84,0.20002061536875737,106.13148465097635,24711.654886133332,0.11716283036251263
64,2956,315.25,378.3,0.19999999999999996,65.29657332872733,24701.69369025755,0.1194379377169198
145,2126,437.53,525.04,0.20000914223024702,46.94271108158567,24646.801026275738,0.04227915153445039
66,2492,447.23,536.68,0.20000894394383195,45.91794224128704,24643.241242053926,0.04229796257404794
14,1198,143.62,172.34,0.19997214872580416,142.89753828694947,24626.961748372873,0.12628530666830762
145,2704,319.13,382.96,0.2000125340770218,64.27120253293921,24613.2997220144,0.04379323848216066
92,2444,583.03,699.64,0.20000686071042661,35.110797580534495,24564.918419245154,0.12890102856651264
132,2494,194.0,232.8,0.19999999999999996,105.43620157916921,24545.547727630594,0.04464990280191872
132,2126,485.03,582.04,0.20000824691256214,42.149904750457054,24532.93056095602,0.04353067778141395
110,2306,242.53,291.04,0.20001649280501388,84.27222797124232,24526.589228750367,0.10696970039956821
53,1216,418.13,501.76,0.20000956640279344,48.86589915544816,24518.95356023767,0.0422459906867817
129,1247,445.23,534.28,0.20000898412056678,45.793967733239434,24466.801080515164,0.042300307576396357
34,2126,509.31,611.17,0.19999607311853285,39.981479120998195,24435.480594380464,0.04242370219851188
34,2490,279.36,335.23,0.19999284077892332,72.80515841932497,24406.47325691031,0.04396067485211286
10,2494,195.0,234.0,0.19999999999999996,104.04520024575368,24346.57685750636,0.04181368963566734
75,2139,291.03,349.24,0.20001374428753071,69.63765124673253,24320.25332140887,0.04391121783959995
34,2760,183.36,220.03,0.1999890924956369,110.5164803330333,24316.941167677316,0.11662745998399682
68,2126,437.53,525.04,0.20000914223024702,46.263393056638556,24290.131890457506,0.10600624566185646
58,2640,320.13,384.16,0.20001249492393725,63.09913786104052,24240.164800697326,0.042063479101313805
20,2577,320.13,384.16,0.20001249492393725,63.09308223522868,24237.83847148545,0.04206353943599184
81,1878,320.13,384.16,0.20001249492393725,63.00002501228536,24202.089608719547,0.04380075728371091
73,2704,321.13,385.36,0.20001245601469808,62.746658447739065,24180.052299420728,0.04206700305549349
143,2306,242.53,291.04,0.20001649280501388,83.04192359219199,24168.521442271558,0.10676385658664445
53,2577,321.13,385.36,0.20001245601469808,62.71442077158729,24167.62918853888,0.04206732800467505
152,1230,367.63,441.16,0.2000108805048555,54.69750863102267,24130.352907661963,0.04518113580239069
52,1248,164.93,197.92,0.20002425271327207,121.81741728689263,24110.103229421788,0.041762571713009455
20,2306,244.5,293.4,0.19999999999999996,82.08158820919412,24082.737980577553,0.114456880010264
106,1230,342.47,410.96,0.19998832014483003,58.542230874387464,24058.51520013827,0.04210785635529346
51,2494,194.0,232.8,0.19999999999999996,103.1877779336456,24022.1147029527,0.041816858891686404
81,2704,319.13,382.96,0.2000125340770218,62.72113752758551,24019.686827564146,0.04553687925331895
146,2322,369.63,443.56,0.20001082163244321,54.13162334679291,24010.62285170346,0.04216729068714853
129,2126,437.53,525.04,0.20000914223024702,45.65201298995645,23969.132900246732,0.0763177108864781
32,2631,151.32,181.58,0.19997356595294757,131.92923304576817,23955.710136450587,0.0489263948961699
76,2704,321.13,385.36,0.20001245601469808,62.12026548324737,23938.66550662421,0.04207337731822536
58,1885,130.01,156.01,0.1999846165679564,153.3637280122617,23926.275207192946,0.04168815143305482
149,2322,345.38,414.46,0.20001158144652265,57.71696234575097,23921.37221381995,0.04212192324743125
109,2704,320.13,384.16,0.20001249492393725,62.2082562501467,23897.923721056355,0.04207248148706655
39,1445,727.53,873.04,0.20000549805506296,27.367006229652823,23892.4911187361,0.04288220575126367
92,1216,418.13,501.76,0.20000956640279344,47.572332495072246,23869.893552727448,0.042268053464366795
81,1216,291.03,349.24,0.20001374428753071,68.2620067788484,23839.823247445016,0.10446469550131487
61,2631,152.35,182.82,0.19999999999999996,130.24195475411466,23810.83416814724,0.028729404613323628
88,2126,437.53,525.04,0.20000914223024702,45.255669541225636,23761.036735925107,0.08801426817456715
86,2304,486.03,583.24,0.20000822994465373,40.73838464042901,23760.255457683816,0.04240758871868777
80,1438,196.0,235.2,0.19999999999999996,100.97034768302865,23748.225775048337,0.04182530458768807
10,2126,484.03,580.84,0.2000082639505818,40.8856670448491,23748.03084633015,0.04471551392583295
24,2306,244.5,293.4,0.19999999999999996,80.86676992704591,23726.310296595268,0.10716976927326893
17,1198,185.3,222.36,0.19999999999999996,106.70125428407617,23726.09090260718,0.12783557018617298
177,2306,243.53,292.24,0.20001642508109896,80.98166833481062,23666.082754165058,0.1073239022034368
75,2322,353.11,423.73,0.19999433604259287,55.70730398510775,23604.855917609708,0.04214346219314402
153,1230,388.0,465.6,0.19999999999999996,50.68760103911931,23600.14704381395,0.042215022608667385
174,2139,290.03,348.04,0.20001379167672328,67.79851477131598,23596.595081008814,0.04393389554763327
30,1878,321.13,385.36,0.20001245601469808,61.21375641114229,23589.333170597794,0.042082832930124714
59,1543,486.03,583.24,0.20000822994465373,40.3983803915448,23561.951379564587,0.04241577723680934
39,1216,416.13,499.36,0.20000961238074644,47.14638553013391,23543.01907832767,0.044954053591281684
101,1311,202.73,243.28,0.200019730676269,96.76958113138147,23542.103697642484,0.10572003191877577
177,1543,484.09,580.91,0.20000413146315776,40.50318169798953,23528.7032801791,0.04241246160402601
153,2304,484.03,580.84,0.2000082639505818,40.453510774747045,23497.017198404075,0.04472640837214126
41,2826,379.33,455.2,0.20001054490812753,51.59762306120475,23487.2380174604,0.042203215497843116
145,1543,482.09,578.51,0.200004148602958,40.546507415306856,23456.560004829167,0.04357509199655385
75,1902,446.23,535.48,0.2000089639871816,43.79998670636759,23454.016881525717,0.042339714286489305
104,2577,320.13,384.16,0.20001249492393725,60.99544513319752,23432.01020236916,0.04208515937721413
152,2867,727.53,873.04,0.20000549805506296,26.834970823874087,23428.00292807503,0.04291089078689936
14,2760,162.99,195.59,0.20001227069145333,119.75101919218987,23422.101843800418,0.10139368837944707
139,2444,726.53,871.84,0.2000055056226171,26.862006384242182,23419.371646037704,0.042909407236660924
23,2304,485.03,582.04,0.20000824691256214,40.23666098879417,23419.346161917758,0.04357655680564232
174,2631,163.93,196.72,0.20002440065881766,118.94027651850905,23397.9311967211,0.048428526729326404
32,2867,581.03,697.24,0.2000068843261107,33.540000145707715,23385.429701593246,0.12865147971245694
73,1230,356.96,428.35,0.19999439713133138,54.56815337627039,23374.26849872542,0.042158333983235985
73,2867,728.53,874.24,0.20000549050828376,26.71102433174304,23351.845911783035,0.042917735857419315
132,1847,194.0,232.8,0.19999999999999996,100.29651493345989,23349.028676509464,0.047475547301562226
41,1207,390.0,468.0,0.19999999999999996,49.82079707427208,23316.133030759334,0.04222863243920927
20,2760,168.84,202.61,0.20001184553423368,115.0053842570561,23301.240904322138,0.11564102048780722
14,1216,418.13,501.76,0.20000956640279344,46.43782326679611,23300.642202347615,0.042288414234860405
94,2126,437.53,525.04,0.20000914223024702,44.373185478311086,23297.69730353245,0.07027349316131981
99,1438,195.0,234.0,0.19999999999999996,99.5607894607011,23297.224733804058,0.041830868779273334
39,2322,368.63,442.36,0.20001085098879634,52.65213412814626,23291.19805292678,0.04370076556975311
30,1847,195.0,234.0,0.19999999999999996,99.48583316778678,23279.684961262108,0.041831169080501884
53,1198,202.73,243.28,0.200019730676269,95.67769197701365,23276.468904167883,0.04457277792280523
97,1525,320.13,384.16,0.20001249492393725,60.58319344388175,23273.639593401615,0.0420895842864929
42,2322,363.78,436.54,0.20001099565671576,53.3121568952775,23272.88897106444,0.042178584178459655
29,2640,321.13,385.36,0.20001245601469808,60.19764161319814,23197.763172062034,0.042093770097047734
149,1216,412.25,494.7,0.19999999999999996,46.884208491880756,23193.61794093341,0.04363462584341271
109,1878,321.13,385.36,0.20001245601469808,60.164144719332356,23184.854809041917,0.042094136933731874
139,1207,341.47,409.76,0.19998828594019957,56.5430250280094,23169.06993547713,0.04213180083425805
17,2306,243.5,292.2,0.19999999999999996,79.23488395643867,23152.433092071376,0.10733226847439503
58,2104,583.03,699.64,0.20000686071042661,33.05741730272838,23128.291441680885,0.04263334069191793
30,1543,486.03,583.24,0.20000822994465373,39.61982358202722,23107.865905981558,0.04243505648468171
17,2304,485.03,582.04,0.20000824691256214,39.67681823619389,23093.49528619429,0.0435908175560451
139,2867,582.03,698.44,0.20000687249798133,33.03476537613906,23072.801529310567,0.11679032945613987
39,2306,241.53,289.84,0.20001656108971955,79.59908520629844,23070.99885619354,0.10672662103404007
157,1207,341.47,409.76,0.19998828594019957,56.25639569536626,23051.620700133277,0.04213537414016566
80,2956,640.23,768.28,0.2000062477547131,30.001913881263494,23049.870396697115,0.04275526139931507
51,2304,484.03,580.84,0.2000082639505818,39.61174246517892,23008.084493474526,0.043594888997681935
81,1207,360.87,433.04,0.1999889156760053,53.07534896764705,22983.74911694988,0.04217773884942577
67,2304,484.03,580.84,0.2000082639505818,39.5618144794216,22979.08432222724,0.04474963898556661
20,1847,196.0,235.2,0.19999999999999996,97.68013299034244,22974.36727932854,0.041838542573293225
137,2139,283.27,339.92,0.19998587919652633,67.49089494755268,22941.505010572106,0.042017570360842416
83,1525,321.13,385.36,0.20001245601469808,59.47798187412255,22920.435095011868,0.04210174221113139
36,2492,389.03,466.84,0.20001028198339466,49.04921545939159,22898.13574506237,0.04224309328865494
161,2539,120.31,144.37,0.1999833762779486,158.4153860697797,22870.429286894094,0.04622961837032913
24,1247,437.53,525.04,0.20000914223024702,43.54977283502702,22865.372729302584,0.04234494804162425
53,2867,728.53,874.24,0.20000549050828376,26.151527044244983,22862.711003160734,0.04294944759457486
53,1230,389.0,466.8,0.19999999999999996,48.95746602479456,22853.345140374102,0.04367843861608578
146,2126,436.53,523.84,0.20000916317320705,43.57587997468817,22826.788965940654,0.10715712787487452
143,1247,445.23,534.28,0.20000898412056678,42.655797650084146,22790.139568486957,0.04362235428432848
145,2139,286.21,343.45,0.19999301212396503,66.35556754060273,22789.81967182001,0.042028966331215
94,2306,241.53,289.84,0.20001656108971955,78.49274698809748,22750.33778703017,0.11204129507055638
86,1847,195.0,234.0,0.19999999999999996,97.16974141475265,22737.71949105212,0.04184067638946354
34,2492,447.23,536.68,0.20000894394383195,42.32182039659079,22713.274570442343,0.04237132060990223
113,2631,149.44,179.33,0.20001338329764473,126.60187465255903,22703.514181443414,0.04174822805073353
67,2139,284.21,341.05,0.19999296294993152,66.54194551092446,22694.13051650079,0.042027282811602173
102,1445,581.03,697.24,0.2000068843261107,32.54708791159811,22693.13157548267,0.11669262148896675
91,2707,243.53,292.24,0.20001642508109896,77.50195792945739,22649.17218530463,0.041947380096242326
53,2640,319.13,382.96,0.2000125340770218,58.94390486153976,22573.157805775263,0.045580586539561097
42,1207,355.02,426.02,0.19998873302912523,52.94937845729692,22557.494210377634,0.043750009379055155
41,1543,486.03,583.24,0.20000822994465373,38.66538407402859,22551.198607336435,0.04245974925803808
50,1247,447.23,536.68,0.20000894394383195,41.997127545657214,22539.018411203313,0.0423785618392315
76,2126,484.03,580.84,0.2000082639505818,38.77526855060678,22522.226984934445,0.04245685098211327
58,1445,581.03,697.24,0.2000068843261107,32.29796293393523,22519.431676057,0.11671632053783842
36,2126,485.03,582.04,0.20000824691256214,38.64388055996817,22492.28424112387,0.04246032284113699
104,2631,161.99,194.39,0.2000123464411383,115.5840936461091,22468.391963867147,0.048515948584611945
81,2631,149.38,179.26,0.20002677734636487,125.16749639720348,22437.525404162694,0.041754322149637146
149,2867,767.33,920.8,0.2000052128810288,24.351944377659866,22423.270382949202,0.04306125696901375
162,2492,290.03,348.04,0.20001379167672328,64.29888223991077,22378.582974778546,0.042051993410538446
161,2867,727.53,873.04,0.20000549805506296,25.57646661806059,22329.278416231617,0.043765212178697555
64,2490,290.03,348.04,0.20001379167672328,64.14997785037302,22326.75829104383,0.043968618371171275
143,1207,369.63,443.56,0.20001082163244321,50.26835770080941,22297.03274177102,0.04222358946007143
77,2631,151.32,181.58,0.19997356595294757,122.73145728818353,22285.578014388368,0.04538213743205488
68,2492,446.23,535.48,0.2000089639871816,41.58219138956419,22266.43184528383,0.04238798388804277
36,1216,417.13,500.56,0.20000958933665758,44.463436193615046,22256.617621075948,0.04232632767415312
124,2539,156.2,187.44,0.20000000000000018,118.69120264992488,22247.47902470192,0.04528642458134835
139,2304,482.09,578.51,0.200004148602958,38.38326028422263,22205.099907025633,0.04363162385647379
101,1216,423.95,508.74,0.19999999999999996,43.645272253069145,22204.0958060264,0.04234122585681055
93,1216,416.13,499.36,0.20000961238074644,44.42626440033792,22184.699390952745,0.043672037330965696
65,1902,446.23,535.48,0.2000089639871816,41.34625470941987,22140.09247180015,0.04239342341535279
72,2577,321.13,385.36,0.20001245601469808,57.39692283282169,22118.478182856164,0.04212591946612676
11,1847,195.0,234.0,0.19999999999999996,94.41844351225613,22093.915781867934,0.02881006669426167
177,1971,327.86,393.43,0.19999389983529547,56.082937677012815,22064.710170267153,0.045522292338959214
113,1993,130.95,157.14,0.19999999999999996,140.33877940613542,22052.835795880117,0.04171504146102323
80,1216,290.03,348.04,0.20001379167672328,63.34566120469816,22046.823925683148,0.11639468932356156
99,1847,195.0,234.0,0.19999999999999996,94.14052589583365,22028.883059625074,0.04185381672262689
132,2306,244.5,293.4,0.19999999999999996,75.05525230001751,22021.211024825137,0.10770758601092978
11,2139,288.12,345.74,0.19998611689573798,63.67204481711447,22013.972775069156,0.043980908118741
61,1216,414.25,497.1,0.19999999999999996,44.27473720820636,22008.971866199383,0.042328313064563194
157,2126,507.31,608.77,0.19999605763734207,36.06738486436581,21956.741883879975,0.04364025574444408
177,1878,319.13,382.96,0.2000125340770218,57.31777972157907,21950.41692217592,0.043871062059391286
66,1770,485.03,582.04,0.20000824691256214,37.62505260360487,21899.285617402176,0.04248809278832799
29,1885,121.25,145.5,0.19999999999999996,150.0296311806137,21829.311336779294,0.04621325046775604
89,1847,196.0,235.2,0.19999999999999996,92.80364666651309,21827.41769596388,0.041859888637527765
174,1847,194.0,232.8,0.19999999999999996,93.66852227525884,21806.03198568026,0.04470024914958215
23,1543,485.03,582.04,0.20000824691256214,37.436740817536474,21789.680625438927,0.04365214133714945
27,2577,320.13,384.16,0.20001249492393725,56.67425533241125,21771.981928499106,0.04387379450630713
145,2304,483.09,579.71,0.2000041400153183,37.53890684936306,21761.67968964426,0.04248972993043665
126,2306,243.5,292.2,0.19999999999999996,74.46718721753734,21759.31210496441,0.10718523731940277
43,1902,447.23,536.68,0.20000894394383195,40.46585757246814,21717.216441992197,0.04241427657584507
72,2494,195.0,234.0,0.19999999999999996,92.78347655435088,21711.333513718106,0.04185998158658788
153,2126,484.03,580.84,0.2000082639505818,37.35347338008106,21696.391478086287,0.042495753831384486
51,1878,319.13,382.96,0.2000125340770218,56.642297267234035,21691.734161459946,0.045610074935434564
145,2631,149.44,179.33,0.20001338329764473,120.65711955335304,21637.4412495028,0.041763674712518295
17,2577,320.13,384.16,0.20001249492393725,56.28998247188482,21624.359666399272,0.04387875979800293
113,2126,437.53,525.04,0.20000914223024702,41.163627557060735,21612.551012559168,0.042397710439895486
174,2304,486.03,583.24,0.20000822994465373,36.98382994531776,21570.44897730713,0.04250635083697463
102,1971,267.75,321.3,0.19999999999999996,67.09816779115702,21558.641311298754,0.12884893807246256
104,2492,389.03,466.84,0.20001028198339466,46.159777456653515,21549.230507864126,0.04229369211695477
113,2322,340.47,408.56,0.19998825153464317,52.72685717475499,21542.084767317898,0.042182551311263916
80,1198,135.8,162.96,0.19999999999999996,132.16349274838274,21537.362778276452,0.11915388532903881
80,2139,291.03,349.24,0.20001374428753071,61.642233083224426,21527.9334819853,0.04207857132486881
76,1803,112.52,135.02,0.1999644507643088,159.4295689899321,21526.180405020634,0.10225518811088041
137,2631,163.02,195.62,0.1999754631333579,109.99611826647649,21517.44065528813,0.041788467498938164
99,2139,291.03,349.24,0.20001374428753071,61.566569217999195,21501.50863369404,0.042079362125222675
68,1216,416.13,499.36,0.20000961238074644,43.057493354016756,21501.18988126181,0.04370126351245818
99,1543,484.03,580.84,0.2000082639505818,36.88428008553542,21423.865244882396,0.04482613667872215
88,1878,319.13,382.96,0.2000125340770218,55.909962892552244,21411.279389331805,0.04214431096242499
80,2492,388.03,465.64,0.20001030848130297,45.86738092274512,21357.687252867036,0.042299172352827874
77,1216,418.13,501.76,0.20000956640279344,42.54309547962483,21346.423587856556,0.04236656693182517
32,2539,121.31,145.57,0.19998351331299968,146.37384424112324,21307.64050618031,0.041700304377429775
58,2867,726.53,871.84,0.2000055056226171,24.410516704913203,21282.06488401153,0.0430574131635334
81,1902,447.23,536.68,0.20000894394383195,39.59822176711475,21251.573657975143,0.04243573763363939
39,2631,153.26,183.91,0.19998695028056912,115.43551681090639,21229.745896693796,0.041773614875584064
27,2492,389.03,466.84,0.20001028198339466,45.46444279290223,21224.620473438477,0.04230682778761363
14,1525,320.13,384.16,0.20001249492393725,55.23324232384877,21218.402371129745,0.04215299430097985
61,2867,583.03,699.64,0.20000686071042661,30.319624590259597,21212.822148329225,0.12927872317950728
52,1247,447.23,536.68,0.20000894394383195,39.520315220415576,21209.762772492628,0.04243771071653901
153,2492,388.03,465.64,0.20001030848130297,45.54819447528745,21209.06127547285,0.04230522940867398
53,2304,485.03,582.04,0.20000824691256214,36.33595628485472,21148.979996036836,0.04252545857775003
83,2126,435.53,522.64,0.20000918421233904,40.415119976869,21122.558304710816,0.12046488524825116
13,1248,164.93,197.92,0.20002425271327207,106.61149219316724,21100.546534871657,0.04180904337090774
27,1803,155.23,186.28,0.20002576821490692,113.10138539470391,21068.526071325443,0.10289317671962572
81,2577,319.13,382.96,0.2000125340770218,55.012401138900536,21067.549140153347,0.04563244846472758
126,2640,319.13,382.96,0.2000125340770218,54.791762057022694,20983.05319735741,0.0439042209264876
88,2760,183.36,220.03,0.1999890924956369,95.29554359264392,20967.878456689443,0.10420903427843053
66,2139,281.3,337.56,0.19999999999999996,62.093250221494515,20960.19754476769,0.04404659207027195
129,2306,242.53,291.04,0.20001649280501388,71.88355422650858,20920.98962208306,0.10693996500430969
72,1438,196.0,235.2,0.19999999999999996,88.78555204855563,20882.361841820282,0.04187923843649988
65,1247,447.23,536.68,0.20000894394383195,38.90584796921681,20879.990488119274,0.04245354953713787
139,1543,483.09,579.71,0.2000041400153183,36.01501834042215,20878.266282126126,0.04253439595641495
52,1770,484.03,580.84,0.2000082639505818,35.90380465851999,20854.36589785475,0.044856999591461943
68,2139,283.24,339.89,0.20000706114955502,61.297214959194456,20834.310392480602,0.044043114438093056
29,1230,352.14,422.57,0.20000567955926618,49.260275806624946,20815.914747605504,0.04382408908023927
29,1445,727.53,873.04,0.20000549805506296,23.788175570658677,20768.02880020785,0.04309983148945529
61,2104,581.03,697.24,0.2000068843261107,29.737816518900917,20734.395189638475,0.04374078688549954
61,1247,446.23,535.48,0.2000089639871816,38.68216439835642,20713.525392031897,0.04371769139431625
68,2760,183.36,220.03,0.1999890924956369,93.93667887317208,20668.887452464052,0.11679049077051773
89,2306,243.5,292.2,0.19999999999999996,70.61408622198948,20633.435994065327,0.10747802973211262
66,1525,320.13,384.16,0.20001249492393725,53.706707368716444,20631.96870276611,0.043913981857998996
51,2577,321.13,385.36,0.20001245601469808,53.49767470538038,20615.863924465386,0.04217628007643959
59,2126,486.03,583.24,0.20000822994465373,35.34617108074677,20615.300821134748,0.04255599286550893
93,2704,319.13,382.96,0.2000125340770218,53.82634496068373,20613.33706614344,0.04217176849356552
77,2126,437.53,525.04,0.20000914223024702,39.22823596378251,20596.393010424366,0.10458750735515732
161,2304,483.09,579.71,0.2000041400153183,35.48726212119582,20572.32072427843,0.04255075805201469
20,2139,290.03,348.04,0.20001379167672328,59.092892212376995,20566.69020559569,0.044023831285884496
23,2704,320.13,384.16,0.20001249492393725,53.45238271923874,20534.267345422755,0.04391763342215249
157,1525,320.13,384.16,0.20001249492393725,53.43097642254922,20526.04390248651,0.04217721274431485
24,2631,53.41,64.09,0.19996255382887118,320.1812242365785,20520.414661322317,0.09531445676197492
34,1216,290.03,348.04,0.20001379167672328,58.838609738234496,20478.189733295134,0.11686018236879125
42,1770,426.83,512.2,0.2000093714125064,39.85143741581021,20411.90624437799,0.10852316345089907
89,1770,485.03,582.04,0.20000824691256214,34.96253608951732,20349.59450554266,0.042568296661128935
186,2104,583.03,699.64,0.20000686071042661,29.077504949222085,20343.78556267374,0.04279734600507723
23,2126,510.25,612.3,0.19999999999999996,33.19483803906791,20325.19933132128,0.043732043359084205
91,2444,727.53,873.04,0.20000549805506296,23.274460470347563,20319.534969032236,0.043136553265901045
80,2577,321.13,385.36,0.20001245601469808,52.724374448063244,20317.864937305654,0.042187152032226116
23,2539,160.11,192.13,0.19998750858784575,105.57809826376403,20284.72001941698,0.04180581591898325
36,1247,445.23,534.28,0.20000898412056678,37.9216754836899,20260.79277742584,0.044995955424168343
146,2306,241.53,289.84,0.20001656108971955,69.88906139711601,20256.645555340103,0.11194218772386366
65,1207,353.08,423.7,0.20001132887730821,47.72576199388274,20221.405356808118,0.045418246007440266
94,1543,484.09,580.91,0.20000413146315776,34.78501414925068,20206.96256944121,0.04257329725301706
59,2492,388.03,465.64,0.20001030848130297,43.396090943517805,20206.95578693963,0.042348392377237865
75,2631,150.41,180.49,0.1999867030117679,111.89207578142144,20195.400757788757,0.04178445559277322
30,1438,194.0,232.8,0.19999999999999996,86.53664649582907,20145.731304229008,0.044737422424133144
58,2631,144.53,173.44,0.200027675915035,116.12271542838945,20140.323763899865,0.04177919025105681
39,2126,436.53,523.84,0.20000916317320705,38.37896379496989,20104.436394357028,0.11783826934043073
149,2444,727.53,873.04,0.20000549805506296,22.984541617303947,20066.424213571037,0.043158000766840954
17,2704,321.13,385.36,0.20001245601469808,52.01727905262005,20045.37865571766,0.04219737590040229
23,1803,145.5,174.6,0.19999999999999996,114.7749704644701,20039.70984309648,0.10997508590922611
64,2492,455.93,547.12,0.20000877327659938,36.59995037893904,20024.56485132513,0.043750859953406884
42,2126,436.53,523.84,0.20000916317320705,38.223333154372035,20022.91083958625,0.07166093304319254
32,1525,319.13,382.96,0.2000125340770218,52.2470276271947,20008.52170011048,0.04219403837316704
29,2444,582.03,698.44,0.20000687249798133,28.6220910949438,19990.81330435255,0.11737233076797171
146,2631,146.47,175.76,0.19997269065337608,113.7030000584923,19984.439290280603,0.04921681820196144
152,1525,321.13,385.36,0.20001245601469808,51.83544628125699,19975.307578945194,0.0422000500650036
139,2126,436.53,523.84,0.20000916317320705,38.10000478803617,19958.30650816487,0.08371154640457401
57,1445,726.53,871.84,0.2000055056226171,22.854027572280057,19925.055398616645,0.044737013829776906
83,2104,582.03,698.44,0.20000687249798133,28.523875906951833,19922.21588845144,0.04282378313521329
99,2494,195.0,234.0,0.19999999999999996,85.1363930833426,19921.915981502167,0.04189839340413337
73,2306,272.57,327.08,0.19998532487067533,60.828217301979066,19895.693315131313,0.11639227742593794
55,2539,158.11,189.73,0.19998735057871087,104.83466726745644,19890.281420654508,0.048714726313888845
73,2492,447.23,536.68,0.20000894394383195,37.01896961407104,19867.340612479642,0.04250546937670241
113,2104,583.03,699.64,0.20000686071042661,28.38504823132632,19859.315144565146,0.042830571147143615
102,2867,726.53,871.84,0.2000055056226171,22.76561816360813,19847.976539760115,0.04317455898995903
59,1438,194.0,232.8,0.19999999999999996,85.25578555204538,19847.546876516164,0.044744757060818485
110,2760,182.36,218.83,0.1999890326826057,90.65088621500743,19837.133430430076,0.10386373463817833
39,1230,350.2,420.24,0.19999999999999996,47.19249423285562,19832.173776415246,0.042272953461619744
27,2139,292.03,350.44,0.2000136972228881,56.58549335455508,19829.82029117028,0.042136061825862825
66,2304,484.09,580.91,0.20000413146315776,34.12676545677472,19824.579321495003,0.042595267075170806
113,2704,321.13,385.36,0.20001245601469808,51.397843791100335,19806.673083338424,0.04220656326369998
65,2631,149.41,179.29,0.19998661401512607,110.34740165879445,19784.185643405257,0.04546992355985924
53,1207,374.48,449.38,0.20001068147831647,43.950172880590785,19750.328689079888,0.04233694652526099
43,1878,321.13,385.36,0.20001245601469808,51.25043008057633,19749.865735850894,0.04220878236837822
126,2304,485.03,582.04,0.20000824691256214,33.86931408754632,19713.29557151546,0.04260487543430569
162,2304,484.09,580.91,0.20000413146315776,33.91857573235512,19703.639828682415,0.0426023929338496
51,1311,135.8,162.96,0.19999999999999996,120.66803188063751,19664.06247526869,0.12161925470878565
10,1770,484.03,580.84,0.2000082639505818,33.835648432311515,19653.09803542382,0.04492795802969196
132,1543,486.03,583.24,0.20000822994465373,33.67427153670621,19640.18213106853,0.042611647607051384
34,2306,243.53,292.24,0.20001642508109896,67.1275577844736,19617.357486934565,0.10734124826827407
10,1878,321.13,385.36,0.20001245601469808,50.87574008395181,19605.475198751672,0.04221448063255617
11,1902,446.23,535.48,0.2000089639871816,36.56292120405318,19578.7130463464,0.04251882513809924
51,1770,484.03,580.84,0.2000082639505818,33.7064023192968,19578.026723140352,0.04261053253289948
93,1525,321.13,385.36,0.20001245601469808,50.76224802613392,19561.739899350967,0.04221622319859386
29,2867,726.53,871.84,0.2000055056226171,22.431431861630067,19556.61955424356,0.04398702445141012
74,2444,581.03,697.24,0.2000068843261107,28.043830580425904,19553.280433896158,0.12940034896741215
113,2492,454.93,545.92,0.20000879256149284,35.793647841224555,19540.468229481306,0.04377863207132082
161,2492,445.23,534.28,0.20000898412056678,36.56154214942762,19534.10073959619,0.04378161930877478
88,1993,118.37,142.04,0.19996620765396633,137.47723091191628,19527.265878728587,0.041714621660492446
66,2306,241.53,289.84,0.20001656108971955,67.36261781412159,19524.381147245,0.10649852671385285
50,1216,412.25,494.7,0.19999999999999996,39.436130624078174,19509.05381973147,0.04515169011591047
68,2306,242.53,291.04,0.20001649280501388,66.99751638466147,19498.957168591875,0.10725845639877152
74,1878,320.13,384.16,0.20001249492393725,50.644777242219185,19455.69762537092,0.04221804241693905
32,2304,484.09,580.91,0.20000413146315776,33.466227381526906,19440.866148202793,0.042618180998715616
157,2867,726.53,871.84,0.2000055056226171,22.298368695601702,19440.60976357339,0.04478165577328952
77,2640,320.13,384.16,0.20001249492393725,50.572463333441874,19427.91751417503,0.042219161972254504
139,1885,119.34,143.21,0.20001675884028836,135.58133015759537,19416.602291869236,0.04172809364249863
106,1525,321.13,385.36,0.20001245601469808,50.28955507990761,19379.582945593196,0.04222356549179751
64,2304,484.09,580.91,0.20000413146315776,33.318171494900035,19354.859003102378,0.04262344151622366
143,2539,134.83,161.8,0.20002966698805902,119.52049269469279,19338.415718001295,0.049837545965915164
97,2304,484.09,580.91,0.20000413146315776,33.28630014462494,19336.34461701407,0.04262458003863545
132,2304,485.03,582.04,0.20000824691256214,33.21399745666167,19331.87507967536,0.04262795494936056
51,1198,136.8,164.16,0.19999999999999996,117.72824863033297,19326.26929515546,0.10601785854736134
27,1902,447.23,536.68,0.20000894394383195,36.00667972582491,19324.06487525571,0.04253556400255443
129,2444,583.03,699.64,0.20000686071042661,27.617115012185256,19322.038347125294,0.1174131603222941
137,1847,194.0,232.8,0.19999999999999996,82.93718824582373,19307.777423627766,0.0419107509727219
53,2322,370.6,444.72,0.19999999999999996,43.40930682527665,19304.986931337033,0.042346162844353885
110,1216,291.03,349.24,0.20001374428753071,55.23631852068621,19290.731880164454,0.11754673415998751
106,2444,728.53,874.24,0.20000549050828376,22.06128787623178,19286.860312916873,0.04323004825657151
101,1543,486.03,583.24,0.20000822994465373,33.0614473953161,19282.758578844165,0.042633455476097315
10,1438,194.0,232.8,0.19999999999999996,82.63070789579184,19236.428798140343,0.04191252531479139
41,1993,158.11,189.73,0.19998735057871087,101.28245316195512,19216.319838417745,0.048730083123625034
42,2490,260.93,313.12,0.20001532978193381,61.350890844976874,19210.190941379158,0.09646919273321475
102,1216,414.25,497.1,0.19999999999999996,38.608407614553975,19192.23942519478,0.04245969995265553
108,1230,388.0,465.6,0.19999999999999996,41.215682702436176,19190.021866254283,0.04383916764109097
143,1216,290.03,348.04,0.20001379167672328,54.93920276020552,19121.04012866193,0.11765785753022795
42,1247,446.23,535.48,0.2000089639871816,35.52401209627149,19022.39799731146,0.04255052032436224
53,2956,641.23,769.48,0.2000062380113219,24.710495715945054,19014.2322435054,0.0430378688187133
132,2492,389.03,466.84,0.20001028198339466,40.67882125447528,18990.50091443924,0.04240940233110968
126,2956,640.23,768.28,0.2000062477547131,24.716469276138547,18989.16901547172,0.04303748353939041
75,2492,455.93,547.12,0.20000877327659938,34.688221380212774,18978.61968154201,0.042577358856735525
80,2306,243.5,292.2,0.19999999999999996,64.8774406154118,18957.188147823326,0.10737263336866243
108,1902,446.23,535.48,0.2000089639871816,35.39235494051743,18951.898223548273,0.04381560990550848
137,1247,446.23,535.48,0.2000089639871816,35.34440265046416,18926.22073127055,0.04381717178796907
80,1525,321.13,385.36,0.20001245601469808,49.08834947778645,18916.686354759786,0.042242859403633815
72,1847,196.0,235.2,0.19999999999999996,80.13983335401291,18848.888804863836,0.04192744913032875
80,2494,195.0,234.0,0.19999999999999996,80.54306786796964,18847.077881104895,0.04475923792610326
53,2492,387.03,464.44,0.20001033511614086,40.55325966724739,18834.55591985638,0.04529980367878661
75,1770,441.38,529.66,0.20000906248583972,35.55246829572922,18830.720357515936,0.04382425716351024
101,2304,486.03,583.24,0.20000822994465373,32.27238329251937,18822.544831528998,0.04266275318359547
14,2631,165.93,199.12,0.20002410655095515,94.4744199971463,18811.74650983177,0.04185683954545527
153,2640,319.13,382.96,0.2000125340770218,49.04176699887412,18781.035089888832,0.04572709757234317
27,1198,171.75,206.1,0.19999999999999996,91.10787407052985,18777.332845936202,0.09170322135644393
86,1216,434.56,521.47,0.19999539764359353,35.98752391360819,18766.414095229266,0.04253357453696405
145,2577,319.13,382.96,0.2000125340770218,48.95677651301144,18748.48713342286,0.043993886108988356
153,2139,291.03,349.24,0.20001374428753071,53.66373756516432,18741.523707257988,0.04217422911881841
186,2577,320.13,384.16,0.20001249492393725,48.7660040143482,18733.948102152004,0.04224820592508294
97,2492,454.93,545.92,0.20000879256149284,34.31531658859597,18733.41763204631,0.043827644843987934
110,2492,456.93,548.32,0.20000875407611685,34.15344508538728,18727.017009219555,0.04259524012267801
93,2577,320.13,384.16,0.20001249492393725,48.681253071375444,18701.39017989959,0.042249621427527306
39,2104,581.03,697.24,0.2000068843261107,26.787764559576885,18677.50096151939,0.0429137566700889
30,2492,388.03,465.64,0.20001030848130297,40.08466592216648,18665.0238399976,0.042423849835890204
146,2139,292.03,350.44,0.2000136972228881,53.24434793819872,18658.94929146236,0.04218004095226302
129,2956,583.03,699.64,0.20000686071042661,26.642721172605427,18640.31344120166,0.04292179869138901
76,2640,321.13,385.36,0.20001245601469808,48.36197600484775,18636.77107322813,0.0422549911248673
108,2494,195.0,234.0,0.19999999999999996,79.61216902092288,18629.247550895954,0.04193073038185435
83,2577,321.13,385.36,0.20001245601469808,48.339047428493075,18627.93531704409,0.04225538000360829
86,2492,388.03,465.64,0.20001030848130297,39.99191406475799,18621.83486511391,0.042426143094444924
14,1847,194.0,232.8,0.19999999999999996,79.94399277926172,18610.96151901213,0.047589187555177936
149,2704,321.13,385.36,0.20001245601469808,48.283824324984785,18606.654541876138,0.04225631812641717
108,1770,485.03,582.04,0.20000824691256214,31.963773293036112,18604.194607478737,0.042674608006105674
39,1878,321.13,385.36,0.20001245601469808,48.266408855043494,18599.943316379562,0.042256614422989336
58,1878,320.13,384.16,0.20001249492393725,48.40686919324642,18595.982869277548,0.04399800069319337
89,2640,321.13,385.36,0.20001245601469808,48.23317949775864,18587.138051256272,0.042257180360846025
66,1902,445.23,534.28,0.20000898412056678,34.537452876799804,18452.6703230166,0.043846934647772784
39,2640,321.13,385.36,0.20001245601469808,47.87447768022937,18448.90871885319,0.042263339475260064
72,1543,485.03,582.04,0.20000824691256214,31.622869230881044,18405.774807142003,0.04268796833173594
72,2306,242.5,291.0,0.19999999999999996,62.96612545515974,18323.142507451485,0.10710809069678306
51,2492,387.03,464.44,0.20001033511614086,39.448465631295946,18321.44537779909,0.04532895083441779
143,2304,484.09,580.91,0.20000413146315776,31.537573839023132,18320.492018826928,0.042690571141971945
97,1247,445.23,534.28,0.20000898412056678,34.28872925848661,18319.782268224226,0.04259070685097566
43,1770,486.03,583.24,0.20000822994465373,31.375554276333347,18299.478276128662,0.04269783905375091
104,2126,484.03,580.84,0.2000082639505818,31.485941789342043,18288.294428921432,0.05538029281572798
42,1216,413.25,495.9,0.19999999999999996,36.83823028135883,18268.078396525845,0.042509022130580276
124,2104,641.23,769.48,0.2000062380113219,23.69194886737077,18230.48081446446,0.04310673151596911
52,1902,446.23,535.48,0.2000089639871816,33.99850038364558,18205.516985434533,0.042600567013077906
99,1803,123.19,147.83,0.20001623508401667,122.93104469455041,18172.896337195387,0.11846117277853885
20,2494,195.0,234.0,0.19999999999999996,77.65863932412636,18172.121601845567,0.04477871257501098
41,2492,387.03,464.44,0.20001033511614086,39.04772129193535,18135.323676826454,0.04245011228232276
161,2322,339.5,407.4,0.19999999999999996,44.480089034088536,18121.188272487667,0.04560634677074693
109,2640,319.13,382.96,0.2000125340770218,47.21750200834408,18082.414569115448,0.0422748773151872
149,2640,320.13,384.16,0.20001249492393725,47.030024193370465,18067.0540941252,0.042278217192511014
88,1571,581.03,697.24,0.2000068843261107,25.902403863020325,18060.192069452292,0.04296427526252111
97,2760,183.36,220.03,0.1999890924956369,81.94475462228837,18030.30435954211,0.1166745977020398
161,1230,368.63,442.36,0.20001085098879634,40.74881368745224,18025.645222781375,0.04392824686175312
76,2760,162.99,195.59,0.20001227069145333,92.14111976731539,18021.881615289218,0.11367880716379852
59,2494,195.0,234.0,0.19999999999999996,76.9489649505793,18006.057798435555,0.041947977739770104
26,1543,484.09,580.91,0.20000413146315776,30.99194362189914,18003.529969397427,0.04271268368563563
17,2492,389.03,466.84,0.20001028198339466,38.54711311114897,17995.33428480878,0.042463283628697446
29,2126,508.31,609.97,0.1999960653931656,29.500463572133295,17994.397765094145,0.02945440268172994
86,2640,319.13,382.96,0.2000125340770218,46.95816115334757,17983.097395285982,0.044029717234434496
86,2306,242.5,291.0,0.19999999999999996,61.713614517053465,17958.661824462557,0.10713843358414621
110,2631,154.26,185.11,0.1999870348761832,97.00999480752586,17957.520138821114,0.04183892247637755
97,1902,446.23,535.48,0.2000089639871816,33.52146828547813,17950.07583750783,0.04387985731385946
101,2640,319.13,382.96,0.2000125340770218,46.84315775173429,17939.05569260416,0.04228158759293066
64,2760,182.36,218.83,0.1999890326826057,81.96880589259223,17937.23379347596,0.1042465202052828
157,2304,483.09,579.71,0.2000041400153183,30.916517815377603,17922.61454275255,0.04388502629415536
67,1207,389.0,466.8,0.19999999999999996,38.38139364883028,17916.434555273976,0.04390877879934185
72,2640,321.13,385.36,0.20001245601469808,46.482710138518456,17912.577178979474,0.042288136056682246
73,2126,509.31,611.17,0.19999607311853285,29.277579895451478,17893.578504703077,0.04278597591471334
108,1438,194.0,232.8,0.19999999999999996,76.69296494482073,17854.122239154265,0.04480008054386664
110,2539,117.4,140.88,0.19999999999999996,126.63010084507864,17839.648607054678,0.04641384117786995
126,2577,320.13,384.16,0.20001249492393725,46.43305198233529,17837.721249533926,0.042289055593026204
11,2306,242.5,291.0,0.19999999999999996,61.26868741769404,17829.188038548964,0.10692763814989348
76,2577,319.13,382.96,0.2000125340770218,46.5176067006768,17814.382662091186,0.04228751095581573
72,2126,453.02,543.62,0.19999117036775416,32.75994303726104,17808.960233915845,0.08878484956970689
129,1525,320.13,384.16,0.20001249492393725,46.29432079256299,17784.426275671,0.04229161433563633
77,1230,350.23,420.28,0.20001142106615633,42.277418498958006,17768.35344674207,0.04237277347535018
61,2956,485.03,582.04,0.20000824691256214,30.495991259655188,17749.886752769704,0.12582261996366795
68,1230,309.43,371.32,0.20001292699479678,47.79275022128387,17746.404012167124,0.11531777433553092
41,1311,162.05,194.46,0.19999999999999996,91.14629779944914,17724.309070080883,0.12223790253643907
20,1878,320.13,384.16,0.20001249492393725,46.02230627827533,17679.92917986225,0.044042109445905364
106,2867,728.53,874.24,0.20000549050828376,20.210664802041503,17668.971596536765,0.043394248019067105
88,2492,445.23,534.28,0.20000898412056678,33.04958539927747,17657.732487125966,0.04390004197862707
145,1902,447.23,536.68,0.20000894394383195,32.89311255593572,17653.07564651958,0.04263972394844806
34,2577,321.13,385.36,0.20001245601469808,45.80093179898192,17649.847078055675,0.042300832469644556
113,2640,320.13,384.16,0.20001249492393725,45.93013689866692,17644.521390991886,0.04404390620998322
143,1902,446.23,535.48,0.2000089639871816,32.92134064231385,17628.71948714622,0.04390201092210755
89,2494,194.0,232.8,0.19999999999999996,75.65411940714336,17612.278997982972,0.04480764375694113
102,2304,484.09,580.91,0.20000413146315776,30.27781038508689,17588.682830800826,0.04274282759977732
67,1902,446.23,535.48,0.2000089639871816,32.81516124369597,17571.862542774317,0.04264258882106364
129,2631,153.26,183.91,0.19998695028056912,95.47305511756626,17558.44956667161,0.04184549112492997
30,2139,291.03,349.24,0.20001374428753071,50.24294475733786,17546.846027052674,0.04414059035515516
50,2492,454.93,545.92,0.20000879256149284,32.038848418910675,17490.648128851713,0.04267180794617553
61,2577,321.13,385.36,0.20001245601469808,45.31435469073128,17462.339723620207,0.04231012716548932
77,1878,321.13,385.36,0.20001245601469808,45.29369250513465,17454.37734377869,0.04231052627489018
109,2126,486.03,583.24,0.20000822994465373,29.898324650712055,17437.8988692813,0.04276021405680197
77,2304,482.09,578.51,0.200004148602958,30.13674417393882,17434.407872065345,0.043921463281761164
75,1247,447.23,536.68,0.20000894394383195,32.472570732602996,17427.379260773374,0.04265532176397813
20,2631,163.93,196.72,0.20002440065881766,88.43145600083307,17396.236024483882,0.048561063313806385
26,2492,456.93,548.32,0.20000875407611685,31.70584921324113,17384.95124060438,0.042684786590735935
58,2304,483.09,579.71,0.2000041400153183,29.962715925031187,17369.68604889983,0.04275658576322938
145,2306,242.53,291.04,0.20001649280501388,59.653540039193835,17361.566293006974,0.10743178688553234
11,2492,388.03,465.64,0.20001030848130297,37.28503835542594,17361.405259820534,0.04249808943758926
32,2306,243.53,292.24,0.20001642508109896,59.396528168867896,17358.041392069954,0.10730143689511262
23,1198,194.03,232.84,0.20002061536875737,74.5169910896535,17350.536205314922,0.04196867285029238
149,1971,329.86,395.83,0.19999393682168187,43.76812200057185,17324.735731486355,0.042337528991504114
139,2322,339.5,407.4,0.19999999999999996,42.49983093706537,17314.43112376043,0.04236570370769022
76,2139,290.03,348.04,0.20001379167672328,49.67112087262372,17287.53690850796,0.04606261455572336
152,1247,445.23,534.28,0.20000898412056678,32.329332681381544,17272.91586500853,0.04518689562114975
157,2306,241.53,289.84,0.20001656108971955,59.59266088152141,17272.336829900163,0.10321806525992705
89,2126,332.71,399.25,0.19999398875897945,43.22471185836843,17257.466209453596,0.10997419338136294
124,2126,485.03,582.04,0.20000824691256214,29.58256141348788,17218.234045106485,0.054380677565490476
51,2631,160.05,192.06,0.19999999999999996,89.60769753468782,17210.05438851214,0.048708978250617374
67,2492,387.03,464.44,0.20001033511614086,37.00191687050099,17185.17027133548,0.04539968428452479
20,1230,373.48,448.18,0.2000107100781836,38.30942266735564,17169.517051055453,0.04246974396125347
50,1770,486.03,583.24,0.20000822994465373,29.417275763961328,17157.331916572806,0.04278187625941954
113,1207,338.59,406.31,0.20000590684899144,42.19691789165774,17145.029708559458,0.042373517712698705
34,1230,350.2,420.24,0.19999999999999996,40.71571538531268,17110.372233523798,0.042406570346751105
14,2304,486.03,583.24,0.20000822994465373,29.322057609236325,17101.796880010996,0.04278624819505594
80,2704,320.13,384.16,0.20001249492393725,44.51614643080847,17101.322812859384,0.04407240247409683
59,1770,484.03,580.84,0.2000082639505818,29.41032582306363,17082.69365106828,0.04278220090964202
23,2640,321.13,385.36,0.20001245601469808,44.31696646871346,17077.98619838342,0.04232981685599868
57,1543,483.09,579.71,0.2000041400153183,29.45697363259237,17076.502184550125,0.04277928008496734
32,1216,395.79,474.95,0.2000050531847697,35.94500042537063,17072.07795202978,0.04395727444348363
161,2490,280.36,336.43,0.19999286631473812,50.66218476128055,17044.278819237617,0.042214068598140586
109,1247,445.23,534.28,0.20000898412056678,31.892256056946145,17039.394566105184,0.04267752777753053
30,2631,165.93,199.12,0.20002410655095515,85.55829366134404,17036.367433846826,0.041900612319068276
42,1525,320.13,384.16,0.20001249492393725,44.33600605122745,17032.120084639537,0.04232944006688244
32,2139,287.15,344.58,0.19999999999999996,49.41857773872041,17028.653517208277,0.044177516213640855
99,1311,243.53,292.24,0.20001642508109896,58.23484680474923,17018.551630219918,0.0421167244059768
174,1902,445.23,534.28,0.20000898412056678,31.844815440417847,17014.047993506447,0.045206591066218826
77,2444,727.53,873.04,0.20000549805506296,19.487231753899945,17013.132810424806,0.04425700874827976
61,2539,137.74,165.29,0.2000145201103527,102.72050308093489,16978.671954247726,0.04973148342972422
53,2104,640.23,768.28,0.2000062477547131,22.09695158770825,16976.645965804495,0.04322729973886341
51,1438,194.0,232.8,0.19999999999999996,72.92146183182345,16976.1163144485,0.04482856694128168
104,2139,287.18,344.62,0.20001392854655609,49.21576349592077,16960.736415964217,0.042241046324315246
30,2306,243.5,292.2,0.19999999999999996,57.93291128123574,16927.996676377083,0.10777114041585711
61,1248,146.5,175.8,0.20000000000000018,96.25574448137225,16921.759879825244,0.041844554097469344
76,2631,164.93,197.92,0.20002425271327207,85.30085036849421,16882.744304932374,0.041902039455069096
57,2306,242.53,291.04,0.20001649280501388,57.99701785967076,16879.45207787858,0.10703153019384393
27,1878,319.13,382.96,0.2000125340770218,44.05194668213098,16870.13350138888,0.04408761529524019
104,1438,194.0,232.8,0.19999999999999996,72.36155272072082,16845.769473383807,0.04198066171273451
11,2631,163.93,196.72,0.20002440065881766,85.60076383710309,16839.38226203492,0.04190043732087101
32,2577,319.13,382.96,0.2000125340770218,43.92827419940248,16822.771887403174,0.04582859169783671
89,2304,484.03,580.84,0.2000082639505818,28.907700950321665,16790.749019984836,0.0451378935654555
124,1216,416.13,499.36,0.20000961238074644,33.62015800035282,16788.562099056187,0.04396745644645417
126,2492,388.03,465.64,0.20001030848130297,36.040987457738126,16782.12539982118,0.04253477581219023
34,2304,484.09,580.91,0.20000413146315776,28.862635031796458,16766.59331632088,0.042806963429204425
77,2704,320.13,384.16,0.20001249492393725,43.58641676112842,16744.157862955093,0.04409214591266364
186,1878,319.13,382.96,0.2000125340770218,43.647434623357846,16715.22156336112,0.044096284713298295
143,2139,282.33,338.8,0.200014167817802,49.25094192265275,16686.219123394752,0.042240516050781385
124,2304,485.03,582.04,0.20000824691256214,28.66692286578068,16685.295784798986,0.04281711812799305
88,2640,319.13,382.96,0.2000125340770218,43.53759412227132,16673.157045065025,0.04234584471077718
83,2139,290.03,348.04,0.20001379167672328,47.89617719580328,16669.785511227376,0.04609474946202219
64,2139,279.39,335.27,0.20000715845234263,49.66526358939841,16651.272923617602,0.042232476321393375
89,1248,164.93,197.92,0.20002425271327207,84.02949914140358,16631.118470066594,0.041909077638533576
39,2539,120.34,144.41,0.20001661957786276,115.06703507180566,16616.830534719455,0.04178026010481706
81,2304,483.09,579.71,0.2000041400153183,28.66274661447101,16616.08083987499,0.04398838713861797
36,1207,388.0,465.6,0.19999999999999996,35.649222083718655,16598.277802179407,0.043994184203030695
68,1902,447.23,536.68,0.20000894394383195,30.9094394030962,16588.477938853666,0.04271701376169623
88,2631,151.35,181.62,0.20000000000000018,91.31302396243235,16584.271412056965,0.04186686837698095
66,2126,435.53,522.64,0.20000918421233904,31.723752633537543,16580.10207639206,0.12116523072666618
161,2126,454.96,545.95,0.19999560400914373,30.365947867225657,16578.289238111847,0.10034980943759375
36,2139,281.33,337.6,0.20001421817794074,49.05781175196313,16561.917247462752,0.04422635875818459
14,1248,163.93,196.72,0.20002440065881766,83.96510777122363,16517.61600075511,0.04858854352044484
53,2126,484.03,580.84,0.2000082639505818,28.400906193377292,16496.382353361267,0.055555182565237726
157,1770,454.93,545.92,0.20000879256149284,30.069138639959753,16415.344166326828,0.04399518631027477
126,1878,320.13,384.16,0.20001249492393725,42.725562317683945,16413.452019961467,0.04236314223864224
94,2492,447.23,536.68,0.20000894394383195,30.56950046069696,16406.039507246842,0.04273126419803708
132,1438,196.0,235.2,0.19999999999999996,69.54488969828952,16356.958057037695,0.042002864865398615
17,2126,486.03,583.24,0.20000822994465373,28.039598448565727,16353.815399141475,0.055477213886249044
109,2631,159.11,190.93,0.199987430079819,85.53995132836116,16332.142907123996,0.04536000744992763
24,1902,446.23,535.48,0.2000089639871816,30.481258933074937,16322.104533482967,0.042735019053570356
106,2704,321.13,385.36,0.20001245601469808,42.35516167027621,16321.985101257642,0.0423712485017238
83,2492,456.93,548.32,0.20000875407611685,29.751506287636538,16313.345927636869,0.04276685144951675
86,2494,194.0,232.8,0.19999999999999996,70.04685897873212,16306.908770248838,0.047668297792088254
186,2306,242.53,291.04,0.20001649280501388,56.01744014999224,16303.315781253743,0.1075343947573969
109,2304,485.03,582.04,0.20000824691256214,27.99726598941369,16295.528696478345,0.042850159766174456
143,1230,329.83,395.8,0.2000121274596005,41.138992637606925,16282.813285964821,0.04409706323139173
106,2956,581.03,697.24,0.2000068843261107,23.291492372964242,16239.76014212559,0.044117259180350366
99,2304,484.03,580.84,0.2000082639505818,27.952980929991934,16236.209443376516,0.04518711161882283
34,1207,348.23,417.88,0.20001148666111468,38.84789935269802,16233.76018150545,0.044066421754248464
113,2139,281.33,337.6,0.20001421817794074,48.072598800236044,16229.309354959689,0.04226025918181797
101,1803,113.52,136.22,0.19996476391825224,119.0748618702721,16220.377683968465,0.1044493655085228
94,1878,319.13,382.96,0.2000125340770218,42.292863851923315,16196.475140732551,0.045866226158020273
59,1248,161.02,193.22,0.19997515836542035,83.78747132799194,16189.415209994602,0.048699333429762404
72,1878,320.13,384.16,0.20001249492393725,42.118880635364185,16180.389184881506,0.04237650608938992
80,2760,161.99,194.39,0.2000123464411383,83.2266822066587,16178.434754152382,0.11337072066880616
110,2126,436.53,523.84,0.20000916317320705,30.821998435510782,16145.795660457969,0.04272069119848265
41,1971,345.35,414.42,0.19999999999999996,38.91457142196078,16126.976688688987,0.04245162403540159
14,2126,486.03,583.24,0.20000822994465373,27.6156504208853,16106.551951477142,0.04286970158779202
81,1525,319.13,382.96,0.2000125340770218,41.98837687541341,16079.868808208317,0.04237943863562088
77,2492,446.23,535.48,0.2000089639871816,29.960869448353172,16043.446372204156,0.04402426537925008
106,2304,484.09,580.91,0.20000413146315776,27.603379219213288,16035.07902223319,0.04286955403264581
162,1216,292.03,350.44,0.2000136972228881,45.737813412152555,16028.359332154741,0.11750353441882377
97,2126,437.53,525.04,0.20000914223024702,30.519796746184753,16024.114083616842,0.1022873777980452
89,2492,388.03,465.64,0.20001030848130297,34.382493981186315,16009.864497399594,0.042587807681782275
43,1247,445.23,534.28,0.20000898412056678,29.948327185545356,16000.792248693171,0.04528980270645888
76,2492,389.03,466.84,0.20001028198339466,34.247135719066435,15987.932839088973,0.04259235728002142
129,1543,483.09,579.71,0.2000041400153183,27.579073708271764,15987.864819422226,0.04287081990412411
139,1571,291.03,349.24,0.20001374428753071,45.712240128512605,15964.542742481743,0.09677650123092418
29,2304,483.09,579.71,0.2000041400153183,27.508878089108084,15947.171717036848,0.042874483602109215
64,1878,321.13,385.36,0.20001245601469808,41.23897598312882,15891.851784858522,0.04239657905736771
74,2577,321.13,385.36,0.20001245601469808,41.09894539379337,15837.889596952215,0.04239985392594836
72,2704,320.13,384.16,0.20001249492393725,41.220784693924706,15835.376648018117,0.044146393570434705
36,2577,320.13,384.16,0.20001249492393725,41.163921176853236,15813.53195929994,0.042398338955725645
20,2492,388.03,465.64,0.20001030848130297,33.9507023165396,15808.805026673497,0.04260246365423637
73,1878,321.13,385.36,0.20001245601469808,40.982884907301724,15793.164527877792,0.04240258515402906
177,2640,320.13,384.16,0.20001249492393725,41.09826427498969,15788.30920388004,0.04239987728373751
113,2539,131.01,157.21,0.199984733989772,100.22564675614713,15756.47392653389,0.04182536864647424
74,2126,436.53,523.84,0.20000916317320705,30.07741323326451,15755.752148113283,0.11856626782118307
152,1207,369.63,443.56,0.20001082163244321,35.44538196990356,15722.153626570422,0.04255334801108401
73,2444,726.53,871.84,0.2000055056226171,17.978549143713582,15674.418285455251,0.04443132236814473
73,2760,184.36,221.23,0.1999891516597958,70.80850405690545,15664.96535250919,0.10549877817035025
72,2956,591.73,710.08,0.20000675983979188,22.045857312317953,15654.322360330732,0.04419756499872074
101,1878,321.13,385.36,0.20001245601469808,40.59484159477422,15643.628156962195,0.04241183018096728
149,2304,483.09,579.71,0.2000041400153183,26.942051946771794,15618.576934063078,0.04407892325427132
104,2306,242.5,291.0,0.19999999999999996,53.517195128232615,15573.50378231569,0.09923896190882142
186,2704,321.13,385.36,0.20001245601469808,40.398899955925266,15568.12008701536,0.042416565850187604
162,2139,285.18,342.22,0.2000140262290484,45.47908566203322,15563.85269526101,0.042307255156946555
104,1770,484.03,580.84,0.2000082639505818,26.581895733612043,15439.82831791122,0.042925468285975765
80,1543,484.03,580.84,0.2000082639505818,26.580434639308304,15438.979655895837,0.04409795303273101
93,2631,148.41,178.09,0.1999865238191496,86.54843525147099,15413.41083393447,0.04925153712047192
88,1247,446.23,535.48,0.2000089639871816,28.77854523989682,15410.335405059948,0.04281189702138177
106,2492,446.23,535.48,0.2000089639871816,28.769343832084974,15405.408235204863,0.04281233715283894
177,1216,292.03,350.44,0.2000136972228881,43.940324248101334,15398.44722950463,0.11844598261709693
153,1438,195.0,234.0,0.19999999999999996,65.68151966568205,15369.475601769598,0.04203641432039307
30,1902,447.23,536.68,0.20000894394383195,28.623852339104157,15361.849073350419,0.0428193301770432
91,1993,158.11,189.73,0.19998735057871087,80.92940427972935,15354.73587399305,0.04541025574066082
83,1902,446.23,535.48,0.2000089639871816,28.66119749441426,15347.498034308948,0.04281753127184207
174,1247,446.23,535.48,0.2000089639871816,28.644979801346413,15338.813784024978,0.042818313562024146
73,1216,416.13,499.36,0.20000961238074644,30.681784164753118,15321.255740511118,0.04272664993966446
145,2760,184.36,221.23,0.1999891516597958,69.23031997489905,15315.823688046916,0.11757126373689264
29,2492,447.23,536.68,0.20000894394383195,28.52279462617975,15307.613419978146,0.042824232110606264
73,2640,321.13,385.36,0.20001245601469808,39.70444768168881,15300.5059586156,0.042433725909706954
29,2577,321.13,385.36,0.20001245601469808,39.66610718699701,15285.731065581169,0.042434690795330576
61,2760,193.09,231.71,0.2000103578642085,65.92500228303716,15275.482279002541,0.12108365509427188
113,1445,727.53,873.04,0.20000549805506296,17.48031855848036,15261.017314295692,0.0436998404470913
94,1216,416.13,499.36,0.20000961238074644,30.497666646680976,15229.314816686612,0.04544059783265597
80,1571,639.23,767.08,0.20000625752858903,19.807946178578437,15194.279354663948,0.04343418504743435
53,1248,165.93,199.12,0.20002410655095515,76.25807901971028,15184.50869440471,0.04195717157900858
41,2304,485.03,582.04,0.20000824691256214,26.075628643096135,15177.058895427674,0.0441251249609762
186,1525,321.13,385.36,0.20001245601469808,39.3526130245898,15164.922955155926,0.042442650722940845
36,1770,486.03,583.24,0.20000822994465373,25.96219708104651,15142.191825549568,0.0429610134016688
162,2631,78.63,94.36,0.2000508711687652,160.4051639927017,15135.83127435133,0.09713130150815985
42,1230,365.75,438.9,0.19999999999999996,34.409207840508635,15102.20132119924,0.04258495108174243
145,1770,445.23,534.28,0.20000898412056678,28.21854884966277,15076.606279397824,0.04411103408257688
20,1247,445.23,534.28,0.20000898412056678,28.182138975702,15057.153211938063,0.04411289848827182
75,1248,152.32,182.78,0.19997373949579833,82.3184828498178,15046.172295289698,0.0419094236866282
137,2126,484.03,580.84,0.2000082639505818,25.8971031017577,15042.073365624943,0.04413827973171158
124,2492,389.03,466.84,0.20001028198339466,32.209468836579845,15036.668431668933,0.04266554212566054
108,2139,290.03,348.04,0.20001379167672328,43.16111289256871,15021.793731129615,0.04619339333734529
186,2126,507.31,608.77,0.19999605763734207,24.64420947907138,15002.655404574285,0.04527776487953927
88,1525,320.13,384.16,0.20001249492393725,38.985244579308954,14976.57155758733,0.04245214868921765
152,2322,367.63,441.16,0.2000108805048555,33.88321340471432,14947.91842562377,0.045656693401638915
129,2304,483.09,579.71,0.2000041400153183,25.77817963273945,14943.868514895388,0.04297111382524765
36,1902,445.23,534.28,0.20000898412056678,27.93379802631954,14924.469609502003,0.044125744478474616
106,2306,241.53,289.84,0.20001656108971955,51.466235431798935,14916.973677552602,0.10714985584634196
24,1847,195.0,234.0,0.19999999999999996,63.73612562815525,14914.253396988328,0.044897482684524204
106,2126,436.53,523.84,0.20000916317320705,28.463887784836988,14910.522977209008,0.10651008442972565
61,2139,291.03,349.24,0.20001374428753071,42.682619555202905,14906.478053459063,0.04236431228004056
29,1902,445.23,534.28,0.20000898412056678,27.87419923000025,14892.627164604533,0.04285654561218066
102,2306,242.53,291.04,0.20001649280501388,51.14838139634266,14886.224921591567,0.1074708600387555
153,1770,486.03,583.24,0.20000822994465373,25.507992753968818,14877.281693824774,0.04298816600836419
39,1207,358.96,430.75,0.19999442834856263,34.493173835173266,14857.934629500884,0.04258108780029435
91,1885,158.11,189.73,0.19998735057871087,78.19737108390875,14836.387215750006,0.04542874060740776
132,1902,446.23,535.48,0.2000089639871816,27.701598794964067,14833.652122727359,0.042865393264717944
89,2104,640.23,768.28,0.2000062477547131,19.305005518144455,14831.649639480022,0.04348619957686961
29,2956,581.03,697.24,0.2000068843261107,21.241957607420865,14810.742522198125,0.04428473171863834
86,2631,163.93,196.72,0.20002440065881766,75.2156440409849,14796.421495742548,0.04865182928226275
92,2631,130.01,156.01,0.1999846165679564,94.7326403731765,14779.239224619265,0.11129381568861074
99,1878,319.13,382.96,0.2000125340770218,38.56271575642005,14767.97762607862,0.042463295065730766
137,2306,244.5,293.4,0.19999999999999996,50.250444584342254,14743.480441046016,0.10810547363904222
94,1571,581.03,697.24,0.2000068843261107,21.087927811955392,14703.346787607778,0.04429863041445692
146,1248,149.38,179.26,0.20002677734636487,81.95570309642683,14691.379337065473,0.04561317413265986
41,2631,252.23,302.68,0.20001585854180726,48.529879916754474,14689.024053203244,0.042252797290251
152,1902,447.23,536.68,0.20000894394383195,27.363592131303616,14685.492625028022,0.04288304646399066
94,2867,728.53,874.24,0.20000549050828376,16.784157985222226,14673.38227700068,0.0437936236511991
30,2304,484.03,580.84,0.2000082639505818,25.254656494816853,14668.914678449422,0.04417818060577039
41,1198,161.05,193.26,0.19999999999999996,75.84441112775531,14657.69089454999,0.0961822621928563
55,1198,189.18,227.02,0.2000211438841315,64.56125529331771,14656.696176688989,0.0449798211531065
174,1248,158.11,189.73,0.19998735057871087,77.0349226333257,14615.835871220885,0.04887271431878937
97,1770,465.63,558.76,0.20000859051177966,26.094671609492785,14580.658708520188,0.04295334095086634
93,2492,447.23,536.68,0.20000894394383195,27.12852788758359,14559.33834670836,0.042895584920078944
162,2707,207.64,249.17,0.20000963205548072,58.27434860087482,14520.219440879979,0.042114983573611764
29,1571,582.03,698.44,0.20000687249798133,20.77445074170028,14509.707376033146,0.04432585910218412
64,2539,126.1,151.32,0.19999999999999996,95.77489897679858,14492.657713169161,0.046206012491811665
83,2631,146.47,175.76,0.19997269065337608,82.44216856490736,14490.035546968118,0.049371486288181554
153,1902,446.23,535.48,0.2000089639871816,27.0530250962892,14486.353878560942,0.04417035346127529
106,1247,446.23,535.48,0.2000089639871816,27.028731355638048,14473.345066317062,0.04417170615596644
93,2539,119.34,143.21,0.20001675884028836,100.88681597320397,14448.000915522542,0.04643023099405075
92,1885,121.25,145.5,0.19999999999999996,99.24489568207126,14440.132321741368,0.05079838286769156
101,2492,387.03,464.44,0.20001033511614086,31.04706964888922,14419.50102773011,0.0427115983631029
94,2139,292.03,350.44,0.2000136972228881,41.14569425748785,14419.097095594041,0.04239899337180997
50,2126,436.53,523.84,0.20000916317320705,27.495256875848284,14403.115361844366,0.10751947073060253
39,2704,319.13,382.96,0.2000125340770218,37.596642080873146,14398.01005129118,0.04424820431658738
101,2139,291.03,349.24,0.20001374428753071,41.20709278917474,14391.165085691386,0.04239756688888019
59,1847,195.0,234.0,0.19999999999999996,61.44932133396397,14379.14119214757,0.042078005308769706
26,2139,260.93,313.12,0.20001532978193381,45.88238879107291,14366.69357826075,0.042299839110849
57,1993,137.74,165.29,0.2000145201103527,86.8127518256298,14349.279749258349,0.04981496685377196
137,1902,447.23,536.68,0.20000894394383195,26.726187491757102,14343.4103030762,0.04291755702012723
99,2126,510.25,612.3,0.19999999999999996,23.365681216675757,14306.806608970564,0.04312885568578262
74,2631,153.26,183.91,0.19998695028056912,77.66329825090973,14283.057181324808,0.049083387794397026
73,2631,151.35,181.62,0.20000000000000018,78.5908905109701,14273.67753460239,0.041937206246739134
106,2577,320.13,384.16,0.20001249492393725,37.13842690603579,14267.09808022271,0.04425624303907738
29,2539,121.31,145.57,0.19998351331299968,97.97886623470171,14262.783557785528,0.04183421880116989
101,1525,320.13,384.16,0.20001249492393725,37.11862367082737,14259.490469385042,0.04250326994115328
41,1803,162.05,194.46,0.19999999999999996,73.19291452347149,14233.094158234266,0.12252342533449667
23,1878,321.13,385.36,0.20001245601469808,36.90656301347077,14222.313122871097,0.04250939700616374
99,2631,158.11,189.73,0.19998735057871087,74.87072441454703,14205.222543172007,0.04195991479947625
23,2492,387.03,464.44,0.20001033511614086,30.553583034786907,14190.30610467643,0.044191145007690946
102,2640,321.13,385.36,0.20001245601469808,36.7906393186165,14177.640767822055,0.04251278028975092
17,1878,320.13,384.16,0.20001249492393725,36.807058201064,14139.799478520748,0.042512307196302945
74,2322,363.81,436.57,0.19999450262499652,32.377326451713344,14134.969409024494,0.0426561575813067
61,2492,455.93,547.12,0.20000877327659938,25.812946459090163,14122.779266697411,0.04296993475147981
29,2104,582.03,698.44,0.20000687249798133,20.20820723814067,14114.22026340697,0.0433947538161209
93,2306,241.53,289.84,0.20001656108971955,48.68667617378088,14111.34622220865,0.11430261523177165
88,2539,116.43,139.72,0.20003435540668213,100.78754909455229,14082.036359490845,0.05090730297494528
27,1311,171.75,206.1,0.19999999999999996,68.32225989524508,14081.21776441001,0.10416672367345814
109,1902,447.23,536.68,0.20000894394383195,26.23609528574304,14080.387617952574,0.04294523027388597
55,1543,484.03,580.84,0.2000082639505818,24.236453183044173,14077.501466839378,0.04424574426565886
139,1445,581.03,697.24,0.2000068843261107,20.18287251946742,14072.306035473464,0.13079410000990133
58,1770,486.03,583.24,0.20000822994465373,24.12104956752495,14068.360949763251,0.04307739610385364
124,1902,445.23,534.28,0.20000898412056678,26.312370059487456,14058.173075382958,0.044215566793532335
42,1902,447.23,536.68,0.20000894394383195,26.181239946995753,14050.94785475368,0.042948392072017616
43,2306,243.5,292.2,0.19999999999999996,48.07055782551554,14046.216996615642,0.1076575330057492
41,2707,241.53,289.84,0.20001656108971955,48.44071837768826,14040.057814589165,0.04225443385128802
55,1216,291.03,349.24,0.20001374428753071,40.15643359490347,14024.232868684088,0.10231919224421449
157,2539,122.25,146.7,0.19999999999999996,95.16997187315623,13961.434873792017,0.04184925733012146
77,2306,243.53,292.24,0.20001642508109896,47.74126263929928,13951.906593708822,0.10768846129289722
89,1878,320.13,384.16,0.20001249492393725,36.306785799629516,13947.614832785675,0.04252714217758902
17,1247,447.23,536.68,0.20000894394383195,25.940280403101948,13921.629686736753,0.042962438829806215
162,1993,118.34,142.01,0.20001690045631215,97.80051843180256,13888.65162250028,0.04648244418953573
177,2492,456.93,548.32,0.20000875407611685,25.321239516545706,13884.142051712342,0.04299971304546535
157,2760,197.88,237.46,0.2000202142712757,58.4432765974004,13877.9404608187,0.1228741643999759
67,1770,485.03,582.04,0.20000824691256214,23.8154276441148,13861.531505980576,0.04427294385835312
58,1571,582.03,698.44,0.20000687249798133,19.827418260856042,13848.262010112296,0.04441877205636802
68,2577,319.13,382.96,0.2000125340770218,36.149205692258946,13843.699811907485,0.04603799170462852
152,2139,260.93,313.12,0.20001532978193381,44.21021550658565,13843.102679422098,0.04447369931119838
186,2956,292.03,350.44,0.2000136972228881,39.49866168584014,13841.91100118582,0.09725287226737689
29,2306,242.53,291.04,0.20001649280501388,47.55309754772487,13839.853510289846,0.10783389682189137
51,2306,244.5,293.4,0.19999999999999996,47.16816950785409,13839.140933604389,0.10800400807280208
162,1770,486.03,583.24,0.20000822994465373,23.71358313615976,13830.710228333817,0.043105590989332976
149,2139,262.93,315.52,0.20001521317460913,43.76611220245597,13809.083722118907,0.042341597581288526
81,2139,291.03,349.24,0.20001374428753071,39.490032274287394,13791.49887147213,0.04243939034133015
77,1525,321.13,385.36,0.20001245601469808,35.687289544542175,13752.453898884773,0.042546080946318066
61,2322,360.87,433.04,0.1999889156760053,31.739490070528568,13744.468780141691,0.04267967841007281
14,1438,196.0,235.2,0.19999999999999996,58.4079916104754,13737.559626783814,0.042111612604116
61,1770,486.03,583.24,0.20000822994465373,23.518786029006257,13717.096763557609,0.04311941465533209
108,2306,242.5,291.0,0.19999999999999996,47.134803516937836,13716.22782342891,0.10760997362076519
93,2760,183.36,220.03,0.1999890924956369,62.22885628155003,13692.215247629452,0.11679443226516006
139,2539,123.25,147.9,0.19999999999999996,92.57091036648404,13691.23764320299,0.04186096360784586
106,2139,284.24,341.09,0.20000703630734584,40.113437546209546,13682.292412636612,0.0424225201415368
14,2492,387.03,464.44,0.20001033511614086,29.447276319891287,13676.49301401031,0.04569216988519398
153,1847,194.0,232.8,0.19999999999999996,58.64961788418164,13653.631043437486,0.04496950115974452
66,1247,447.23,536.68,0.20000894394383195,25.386083902270094,13624.203508670313,0.04299575604907835
149,2539,129.01,154.81,0.1999844973257887,88.00359481361859,13623.836513096294,0.05032761469318192
74,1543,484.09,580.91,0.20000413146315776,23.44731425168182,13620.779321944487,0.04312375466036322
110,2139,282.33,338.8,0.200014167817802,40.18583500019626,13614.960898066494,0.04242209230833838
50,2631,151.38,181.66,0.20002642356982436,74.87361858293849,13601.541551776607,0.041967226818510506
139,2704,319.13,382.96,0.2000125340770218,35.49498219556124,13593.158381612133,0.04255211151693272
55,2304,486.03,583.24,0.20000822994465373,23.257599922001834,13564.76257850835,0.04313831232424059
58,2139,290.03,348.04,0.20001379167672328,38.91651487226675,13544.503836143722,0.04245419018706409
57,1885,132.89,159.47,0.20001505004138775,84.81359270136977,13525.223628087437,0.05011147042599906
42,2304,482.09,578.51,0.200004148602958,23.352364036388796,13509.576118691282,0.043130620791221874
186,2304,483.09,579.71,0.2000041400153183,23.303849387106705,13509.47452819963,0.04313414723655584
93,2126,460.78,552.94,0.20000868093233226,24.381989990442538,13481.777545315299,0.0430599210627266
41,1525,321.13,385.36,0.20001245601469808,34.92534831902194,13458.832228218296,0.04257030414850993
14,2494,194.0,232.8,0.19999999999999996,57.73706279154788,13441.188217872346,0.04780450718545137
86,1571,640.23,768.28,0.2000062477547131,17.48833586825456,13435.938680862611,0.04369895000894075
57,2492,456.93,548.32,0.20000875407611685,24.502705728089357,13435.323604825957,0.04305193704815102
152,2631,146.5,175.8,0.20000000000000018,76.37945260238882,13427.507767499956,0.04571847632484316
53,2760,161.99,194.39,0.2000123464411383,69.06749353144447,13426.030067577489,0.10122987456539101
97,2631,141.62,169.94,0.19997175540177925,78.93234387417307,13413.762517976971,0.045823533340691114
88,2444,727.53,873.04,0.20000549805506296,15.360744731106397,13410.544580045129,0.04481132313996228
34,2139,292.03,350.44,0.2000136972228881,38.234677760811245,13398.960474498692,0.042472333370355275
80,1878,319.13,382.96,0.2000125340770218,34.95904545688022,13387.916048166848,0.04607823795870558
92,1248,150.41,180.49,0.1999867030117679,74.14436564226145,13382.316554771769,0.041964983825224844
126,2139,290.03,348.04,0.20001379167672328,38.43940078057473,13378.449047671229,0.029238730603408758
186,1445,726.53,871.84,0.2000055056226171,15.314912850229533,13352.153619344117,0.04401946947476987
83,2304,482.09,578.51,0.200004148602958,23.065904914616386,13343.856652154725,0.04551135448530652
80,2640,319.13,382.96,0.2000125340770218,34.82889871800985,13338.075053049053,0.04257346075300916
97,2577,320.13,384.16,0.20001249492393725,34.69012037140044,13326.556641877194,0.04433450985321574
113,1878,319.13,382.96,0.2000125340770218,34.74065548987852,13304.281426403877,0.046085922034516
88,2704,321.13,385.36,0.20001245601469808,34.51752209811859,13301.67231573098,0.04258370838594672
64,2306,243.53,292.24,0.20001642508109896,45.45030440274446,13282.39695865804,0.10801155025896203
64,2126,435.53,522.64,0.20000918421233904,25.372506983492094,13260.687049852308,0.044301257694653984
77,2760,184.36,221.23,0.1999891516597958,59.93644736932442,13259.740251515641,0.11752309323271326
186,2492,445.23,534.28,0.20000898412056678,24.817227169403857,13259.348132069092,0.04557857841060409
129,2492,454.93,545.92,0.20000879256149284,24.279255618320946,13254.53122715377,0.04306681179125815
77,1207,368.63,442.36,0.20001085098879634,29.96031875901736,13253.24660623892,0.04275797367418355
53,1902,447.23,536.68,0.20000894394383195,24.674598768823532,13242.363667252212,0.043040719521157955
26,2126,436.53,523.84,0.20000916317320705,25.25824517415594,13231.279152029849,0.12009244870271019
39,1770,484.03,580.84,0.2000082639505818,22.762993676425122,13221.65724701477,0.044354199113767256
76,1216,436.56,523.87,0.1999954187282389,25.205313608038704,13204.307639843237,0.04300434154893973
64,1247,445.23,534.28,0.20000898412056678,24.673727516835818,13182.67913769504,0.045588377889541176
53,2631,163.02,195.62,0.1999754631333579,67.36017783937064,13176.997988937685,0.04201675345207856
177,2704,321.13,385.36,0.20001245601469808,34.164277818409815,13165.546100102407,0.04259557697635197
68,2631,148.44,178.13,0.20001347345728915,73.90312642298339,13164.363909726031,0.04197175489193827
26,2631,149.38,179.26,0.20002677734636487,73.33072385085325,13145.265557503952,0.04197844246036364
55,2631,165.93,199.12,0.20002410655095515,65.96619228677116,13135.188208141873,0.042038339422595716
30,1247,446.23,535.48,0.2000089639871816,24.52176237016223,13130.91331397447,0.0430507219916646
91,1198,319.13,382.96,0.2000125340770218,34.26515691102471,13122.184490646023,0.04259217748344157
162,2306,264.81,317.77,0.19999244741512778,41.28698812971146,13119.76621797841,0.0774984608709014
104,2494,196.0,235.2,0.19999999999999996,55.69110534164276,13098.547976354377,0.04214473658406159
58,2126,508.31,609.97,0.1999960653931656,21.455426400971643,13087.166441800673,0.044404240564013375
74,1216,290.03,348.04,0.20001379167672328,37.594067924428245,13084.239400418008,0.11783374423268667
124,1571,592.73,711.28,0.2000067484352066,18.384483409254784,13076.515359334742,0.04358885648834909
124,2631,162.99,195.59,0.20001227069145333,66.64347028438894,13034.796352923633,0.045424410943032845
58,2760,184.36,221.23,0.1999891516597958,58.87524512959163,13024.970480019556,0.11727855033532453
80,2631,163.02,195.62,0.1999754631333579,66.55278564110291,13019.055927112553,0.042023896643604064
149,2631,151.38,181.66,0.20002642356982436,71.66201422299899,13018.121503749997,0.04199097454857115
67,2306,244.5,293.4,0.19999999999999996,44.36032710380531,13015.319972256477,0.10835520388398878
113,1902,445.23,534.28,0.20000898412056678,24.35770166588484,13013.832846048952,0.04561036545919983
124,1247,447.23,536.68,0.20000894394383195,24.244255988609254,13011.407303966813,0.04306919441105672
146,1230,368.63,442.36,0.20001085098879634,29.413246309995753,13011.243637689722,0.042782561729307944
109,2577,321.13,385.36,0.20001245601469808,33.65531152265744,12969.410848371272,0.042613115203296914
14,1247,447.23,536.68,0.20000894394383195,24.15112939539942,12961.428123922959,0.04307548973557618
65,1770,486.03,583.24,0.20000822994465373,22.22292433852447,12961.298391201013,0.04321753171958931
161,1216,417.13,500.56,0.20000958933665758,25.83265473552684,12930.793654415316,0.04296892128906815
124,1803,190.18,228.22,0.20002103270585758,56.64557577121148,12927.653302505885,0.12190160682788209
14,2704,321.13,385.36,0.20001245601469808,33.52476864016374,12919.1048431735,0.029344045996302137
102,1878,319.13,382.96,0.2000125340770218,33.7074748258286,12908.61455929932,0.04261130826845061
74,2539,122.25,146.7,0.19999999999999996,87.77225545752053,12876.18987561826,0.04638350024476834
101,1198,194.03,232.84,0.20002061536875737,55.28877930372779,12873.43937307998,0.04501669895089222
80,2126,486.03,583.24,0.20000822994465373,22.06740339060239,12870.592353534938,0.05490409313812583
11,1248,164.93,197.92,0.20002425271327207,64.97131479089225,12859.122623413394,0.04204757525234526
65,2139,290.03,348.04,0.20001379167672328,36.92295231900481,12850.664325106434,0.0444441598421812
57,2304,483.09,579.71,0.2000041400153183,22.1514694981871,12841.428382794045,0.04322248578115773
177,2631,150.38,180.46,0.20002659928181954,71.1427561146148,12838.421768443388,0.04199504835746093
29,2631,149.38,179.26,0.20002677734636487,71.32694537575755,12786.068228058297,0.04199364171992903
57,1216,290.03,348.04,0.20001379167672328,36.66277472678222,12760.112115909284,0.11823005521090157
92,2492,445.23,534.28,0.20000898412056678,23.853886777587764,12744.65462752959,0.04564662102801975
124,1198,171.75,206.1,0.19999999999999996,61.77049006928563,12730.898003279768,0.10641354188593333
17,1248,163.93,196.72,0.20002440065881766,64.61773110823142,12711.600063611286,0.04542745926118208
153,2631,163.99,196.79,0.20001219586560137,64.45691910644962,12684.47711095822,0.042050180796737835
20,1902,447.23,536.68,0.20000894394383195,23.574687412529897,12652.063240556545,0.043115561815454395
162,1778,162.99,195.59,0.20001227069145333,64.4494345026676,12605.664894376756,0.04205026633288034
97,2139,291.03,349.24,0.20001374428753071,36.089640019091696,12603.945880267584,0.044463385280695045
67,1248,159.11,190.93,0.199987430079819,66.00251760317838,12601.860685974847,0.042031114513624956
50,2304,482.09,578.51,0.200004148602958,21.760670510972684,12588.765497302807,0.043254565547220736
88,2304,483.09,579.71,0.2000041400153183,21.70160078209073,12580.634989385817,0.04325951285173135
74,2306,241.53,289.84,0.20001656108971955,43.404476663727195,12580.353516214689,0.10771189523331748
91,2539,142.59,171.11,0.2000140262290484,73.35022256126176,12550.9565824575,0.04964861752962313
108,1847,194.0,232.8,0.19999999999999996,53.76560474889458,12516.632785542659,0.045034900021937885
76,1847,195.0,234.0,0.19999999999999996,53.48330791820467,12515.094052859893,0.04502445016915624
29,1207,369.63,443.56,0.20001082163244321,28.18379628279515,12501.204679196617,0.04284129143158866
129,1770,485.03,582.04,0.20000824691256214,21.396078421806617,12453.373484628322,0.04328633927635828
139,1878,320.13,384.16,0.20001249492393725,32.38224665319143,12439.96387429002,0.04441910908515678
94,2304,482.09,578.51,0.200004148602958,21.49910544365035,12437.447490206165,0.04446299731772607
110,1902,447.23,536.68,0.20000894394383195,23.1644679017392,12431.906633505394,0.043145291207575265
162,1247,447.23,536.68,0.20000894394383195,23.161040176021697,12430.067041667324,0.04314554405006299
83,2306,242.53,291.04,0.20001649280501388,42.68446187938602,12422.885785376508,0.10761231216069755
94,2640,321.13,385.36,0.20001245601469808,32.185407342978216,12402.968573690086,0.042666876109134
55,1525,321.13,385.36,0.20001245601469808,32.15839289822635,12392.558287260508,0.042667910079328464
129,1902,446.23,535.48,0.2000089639871816,23.138137175159166,12390.00969455423,0.043147239246927094
53,1438,195.0,234.0,0.19999999999999996,52.91005594782163,12380.953091790261,0.042182163308607024
139,2104,631.53,757.84,0.20000633382420485,16.32731753645557,12373.49432182749,0.043859668036491106
64,1525,320.13,384.16,0.20001249492393725,32.207679467686866,12372.902144306587,0.029377787265230326
101,2126,509.25,611.1,0.19999999999999996,20.169670844666218,12325.685853175526,0.04564379095752891
110,2304,484.09,580.91,0.20000413146315776,21.211366860048006,12321.895122670487,0.04330164540958781
57,2126,436.53,523.84,0.20000916317320705,23.51156437704404,12316.29788327075,0.12127384366680416
51,1248,165.93,199.12,0.20002410655095515,61.796492985100045,12304.917683193122,0.04207891461496582
93,2139,282.33,338.8,0.200014167817802,36.28137880416319,12292.13113885049,0.042528224458210584
68,1247,446.23,535.48,0.2000089639871816,22.949362185869,12288.924463289131,0.04316130820141384
92,2126,437.53,525.04,0.20000914223024702,23.19712971986492,12179.420988117876,0.11852817617590872
14,2139,290.03,348.04,0.20001379167672328,34.99228676007806,12178.715483977569,0.0464262461423115
29,1525,320.13,384.16,0.20001249492393725,31.667707940257976,12165.466682329505,0.04268700495365363
132,1770,486.03,583.24,0.20000822994465373,20.842933157295416,12156.432334660978,0.043335406318629865
14,1902,447.23,536.68,0.20000894394383195,22.645100430451237,12153.172499014569,0.04318447305210149
51,1247,446.23,535.48,0.2000089639871816,22.692721696412963,12151.498613995214,0.04318080975059502
66,2631,149.41,179.29,0.19998661401512607,67.74500341007766,12146.001661392822,0.0420155039950898
59,2304,484.03,580.84,0.2000082639505818,20.854508699202793,12113.13283284495,0.045694071793850544
94,1247,447.23,536.68,0.20000894394383195,22.52521959663594,12088.834853122575,0.04319377322828566
157,2492,446.23,535.48,0.2000089639871816,22.572337508512973,12087.035289058527,0.044469004536315526
88,2956,583.03,699.64,0.20000686071042661,17.26617574345396,12080.107197150128,0.043728151672777216
77,2139,291.03,349.24,0.20001374428753071,34.54549751763437,12064.669553058626,0.042583023965775846
55,1571,640.23,768.28,0.2000062477547131,15.6877596867686,12052.59201215058,0.043958308567768056
149,1878,320.13,384.16,0.20001249492393725,31.341861636291988,12040.289566197931,0.04270001003535295
174,2126,486.03,583.24,0.20000822994465373,20.618878521643968,12025.754708963628,0.043356030235442544
27,1248,165.93,199.12,0.20002410655095515,60.39413676703684,12025.680513052375,0.04209381905557541
102,2492,455.93,547.12,0.20000877327659938,21.977792559828973,12024.489865333628,0.04449057030523418
149,2577,242.53,291.04,0.20001649280501388,41.08518920901786,11957.433467392559,0.04240094190167387
177,2126,435.53,522.64,0.20000918421233904,22.813168690022838,11923.074484153536,0.122434386892329
53,2494,196.0,235.2,0.19999999999999996,50.66396250163072,11916.163980383544,0.04221538758941368
72,1311,146.5,175.8,0.20000000000000018,67.71288796346519,11903.925703977182,0.0887928179595886
93,1770,485.03,582.04,0.20000824691256214,20.43863607293653,11896.103739891976,0.043372952112098795
20,1248,163.93,196.72,0.20002440065881766,60.46390418698707,11894.459231664097,0.04547285736678297
73,1902,445.23,534.28,0.20000898412056678,22.259568719665236,11892.842375542741,0.04449720160979864
102,2139,282.33,338.8,0.200014167817802,35.06890543869184,11881.345162628797,0.042565985514495974
11,2126,486.03,583.24,0.20000822994465373,20.326882349212152,11855.450861354495,0.04338358905183781
89,2577,320.13,384.16,0.20001249492393725,30.80612205148837,11834.479847299774,0.042721989532396254
86,2704,320.13,384.16,0.20001249492393725,30.776166388327777,11822.972079739999,0.04272324106647585
80,1902,445.23,534.28,0.20000898412056678,22.11862024087816,11817.536422296382,0.04322607376539289
137,1248,161.99,194.39,0.2000123464411383,60.717938899445635,11802.960142663236,0.042088103445838354
58,2492,456.93,548.32,0.20000875407611685,21.485202154846096,11780.766045545213,0.043278766894319975
74,2492,447.23,536.68,0.20000894394383195,21.93474286496708,11771.937800770533,0.04324106223877355
58,2306,243.53,292.24,0.20001642508109896,40.273059992581956,11769.399052232151,0.10850360042113383
143,2322,367.63,441.16,0.2000108805048555,26.657482148574577,11760.214824665161,0.04446389470893297
55,2126,509.25,611.1,0.19999999999999996,19.23725510659268,11755.886595638787,0.04462075841704438
73,1248,155.26,186.31,0.19998711838206895,62.93102327879016,11724.678947071394,0.042060385260198396
149,2306,242.53,291.04,0.20001649280501388,40.25290888318224,11715.20660136136,0.10774508535096694
14,2306,243.5,292.2,0.19999999999999996,40.03376256240305,11697.86542073417,0.10805037711989174
27,1247,445.23,534.28,0.20000898412056678,21.84554905656762,11671.639949942948,0.04453184379364905
27,2306,244.5,293.4,0.19999999999999996,39.44829363981256,11574.129353921006,0.10884672350669988
26,2306,291.03,349.24,0.20001374428753071,33.116016064030326,11565.437450201951,0.11613340350857881
23,2306,336.62,403.94,0.1999881171647555,28.597864862820142,11551.821532687569,0.04281660278884525
149,2126,437.53,525.04,0.20000914223024702,21.987364879811427,11544.246056496191,0.04323678333619918
30,1248,164.93,197.92,0.20002425271327207,58.29064955692874,11536.885360307337,0.042117546376286175
101,1247,387.03,464.44,0.20001033511614086,24.82309474022218,11528.83812114879,0.1156835166016561
132,1248,165.93,199.12,0.20002410655095515,57.887160383504316,11526.491375563379,0.04212226166970112
149,2492,454.93,545.92,0.20000879256149284,21.094981949334013,11516.172545780424,0.04331283700347677
32,1902,445.23,534.28,0.20000898412056678,21.547976072290624,11512.652655903434,0.044557563181024884
149,1525,320.13,384.16,0.20001249492393725,29.832514915336557,11460.458929875693,0.04452777090498361
30,1770,485.03,582.04,0.20000824691256214,19.686436461803286,11458.293478227984,0.04344689508567279
89,2631,165.93,199.12,0.20002410655095515,57.43751389604693,11436.957766980864,0.04212762549085436
73,2539,117.37,140.84,0.19996591974098998,81.18036540880951,11433.442664176731,0.04191471385503409
55,2704,319.13,382.96,0.2000125340770218,29.84863109087799,11430.831762562635,0.04276324192562331
11,1770,486.03,583.24,0.20000822994465373,19.59177289429916,11426.705622871043,0.04345659883444275
29,2760,182.36,218.83,0.1999890326826057,52.16453362899221,11415.164894032367,0.11726491867953259
41,1216,291.03,349.24,0.20001374428753071,32.595571502065134,11383.677391381229,0.11814861554119493
17,1902,447.23,536.68,0.20000894394383195,21.189633486497787,11372.05249953363,0.04330448903859718
149,2760,183.36,220.03,0.1999890924956369,51.5919186877943,11351.769868875379,0.11740500724648284
36,2631,155.26,186.31,0.19998711838206895,60.90872854886517,11347.90521593907,0.04208130976331592
80,2304,486.03,583.24,0.20000822994465373,19.447423796665344,11342.515455167095,0.0434715822859002
73,2577,319.13,382.96,0.2000125340770218,29.575885697080015,11326.381186553761,0.0445452572294015
129,2760,195.0,234.0,0.19999999999999996,48.357739255635394,11315.710985818681,0.1221135855382558
57,1247,446.23,535.48,0.2000089639871816,21.117784733747495,11308.15136922711,0.04331084512039829
110,1770,484.03,580.84,0.2000082639505818,19.410429095912363,11274.353636069738,0.044662186247217295
157,2631,147.44,176.93,0.20001356483993504,63.660154224317424,11263.391086908483,0.04949662807951394
39,1248,154.26,185.11,0.1999870348761832,60.81369520442224,11257.223119290602,0.045671870725738195
80,1247,446.23,535.48,0.2000089639871816,21.014704315957353,11252.953867108843,0.04460259661979449
89,2139,380.3,456.36,0.19999999999999996,24.638285960488858,11243.928180928695,0.043041364240705815
177,1248,149.38,179.26,0.20002677734636487,62.653401832714785,11231.248812532453,0.049415808415432916
61,2126,436.53,523.84,0.20000916317320705,21.422846079891908,11222.143690490579,0.12081233677941616
86,2126,509.31,611.17,0.19999607311853285,18.36000162373485,11221.082192378028,0.043589646644424884
26,1902,445.23,534.28,0.20000898412056678,20.935297697255034,11185.31085368942,0.044612815013822193
92,2139,290.03,348.04,0.20001379167672328,32.10860402590897,11175.078545177357,0.044612043493007514
109,1438,195.0,234.0,0.19999999999999996,47.75619372338013,11174.949331270951,0.042263037213764454
74,1902,388.03,465.64,0.20001030848130297,23.975997159983123,11164.183317574541,0.11361404021458832
177,1525,320.13,384.16,0.20001249492393725,29.055537350605903,11161.975228608764,0.04456466890853916
76,1770,486.03,583.24,0.20000822994465373,19.115241477725576,11148.773439468665,0.04350692056574279
132,2139,291.03,349.24,0.20001374428753071,31.905346263503887,11142.623129066098,0.04267792595608899
104,1847,195.0,234.0,0.19999999999999996,47.61531900822398,11141.984647924412,0.045121697023432494
145,1248,149.41,179.29,0.19998661401512607,62.043588649810694,11123.79500902456,0.04206930473584436
104,1248,163.02,195.62,0.1999754631333579,56.79870013278584,11110.961719975567,0.04212622818139766
177,2304,484.09,580.91,0.20000413146315776,19.107622339360223,11099.808893157746,0.043506949348624646
73,2139,291.03,349.24,0.20001374428753071,31.76132091014025,11092.323714657381,0.04268355627186238
152,2306,254.14,304.97,0.20000786967813045,36.36767719056687,11091.05051280718,0.11158932225742624
106,1770,426.83,512.2,0.2000093714125064,21.635064536251427,11081.480055467982,0.1085821436127169
139,2631,155.26,186.31,0.19998711838206895,59.46391877391642,11078.722706768369,0.04209713010951044
110,1525,320.13,384.16,0.20001249492393725,28.764367952745538,11050.119592726727,0.042813250701180805
29,1878,319.13,382.96,0.2000125340770218,28.849626650078818,11048.253021914183,0.04633702488402203
51,1847,194.0,232.8,0.19999999999999996,47.341682094160454,11021.143591520555,0.045141445979480554
91,2126,507.31,608.77,0.19999605763734207,18.032572480052163,10977.689148681355,0.04476501480928141
109,1847,194.0,232.8,0.19999999999999996,47.08870105688017,10962.249606041703,0.0479797212260058
65,1248,147.5,177.0,0.19999999999999996,61.83307990460806,10944.455143115627,0.042073999441170296
81,1770,485.03,582.04,0.20000824691256214,18.73001440137481,10901.617582176194,0.04354947138967735
177,2760,182.36,218.83,0.1999890326826057,49.797785946037266,10897.249498571335,0.11680921199234828
83,1248,149.44,179.33,0.20001338329764473,60.76263860413237,10896.563980879058,0.04208781801468908
10,1247,447.23,536.68,0.20000894394383195,20.30149750919164,10895.407683232968,0.04338616059618361
81,1247,447.23,536.68,0.20000894394383195,20.29586044845139,10892.38238547489,0.04338670175251458
68,1207,333.71,400.45,0.19999400677234735,27.190564842202335,10888.461691059925,0.04458658792467385
41,2539,160.11,192.13,0.19998750858784575,56.661227337804405,10886.32160841236,0.0421301913208979
99,1770,484.03,580.84,0.2000082639505818,18.690537950499728,10856.212063168263,0.04474269688002852
94,1902,445.23,534.28,0.20000898412056678,20.31688087751293,10854.903115237606,0.0433846931050631
113,1770,486.03,583.24,0.20000822994465373,18.609629780442503,10853.880473145286,0.043563124767699746
99,2640,319.13,382.96,0.2000125340770218,28.336096930432326,10851.591680478363,0.042834067013268085
23,2631,159.11,190.93,0.199987430079819,56.78385756881445,10841.741925613744,0.04561333698764103
55,1248,161.02,193.22,0.19997515836542035,56.10948044663147,10841.473811898133,0.04557907557878904
146,1247,445.23,534.28,0.20000898412056678,20.254760762446445,10821.713580159885,0.043390664181350846
110,1248,150.41,180.49,0.1999867030117679,59.942070456664666,10818.944296723406,0.04209173189506421
152,1248,155.26,186.31,0.19998711838206895,57.99691065539216,10805.404424206114,0.042113999433584515
34,1770,486.03,583.24,0.20000822994465373,18.497110047138584,10788.254463893109,0.04357604959908945
153,2760,161.99,194.39,0.2000123464411383,55.42780737273083,10774.611475185146,0.11368542585024899
41,1247,445.23,534.28,0.20000898412056678,20.143060299542135,10762.034256839372,0.04596941232142415
157,1902,445.23,534.28,0.20000898412056678,20.124860803196228,10752.31062993168,0.043403269246621856
109,2139,284.21,341.05,0.19999296294993152,31.47302667587035,10733.875747805583,0.042691016326868114
29,2139,287.15,344.58,0.19999999999999996,31.09508534513347,10714.744508226091,0.04467078117229517
53,2306,242.5,291.0,0.19999999999999996,36.811213257569364,10712.063057952684,0.1079453929871299
55,2492,388.03,465.64,0.20001030848130297,22.991624615023415,10705.820085739502,0.043158397612845345
61,1902,446.23,535.48,0.2000089639871816,19.992698754055617,10705.690328821702,0.04341625766992041
42,2631,155.26,186.31,0.19998711838206895,57.35370617623783,10685.56899769487,0.042121667663727935
109,1248,163.02,195.62,0.1999754631333579,54.51482293053367,10664.189661670996,0.04215547560861577
139,2640,320.13,384.16,0.20001249492393725,27.75520300170835,10662.43878513628,0.04286330867362409
72,1247,446.23,535.48,0.2000089639871816,19.884199571087205,10647.591186325777,0.04342705261808866
157,2704,320.13,384.16,0.20001249492393725,27.70622593908641,10643.623756759436,0.04286583074537509
68,1248,154.26,185.11,0.1999870348761832,57.363521735039,10618.56150837307,0.04212153362338511
139,2139,276.48,331.78,0.20001446759259234,31.99340654226986,10614.772422594293,0.04471154373765385
57,2631,150.41,180.49,0.1999867030117679,58.80011814430466,10612.833323865549,0.04210458083966229
26,2539,143.56,172.27,0.19998606854276968,61.57688246749146,10607.849542674754,0.04971367901229096
132,1247,446.23,535.48,0.2000089639871816,19.785289093622122,10594.626603852774,0.04343699650091137
72,2304,486.03,583.24,0.20000822994465373,18.16018630303237,10591.7470593806,0.04361570673697368
126,1847,196.0,235.2,0.19999999999999996,45.010008205928145,10586.3539300343,0.04231368669148139
14,2640,320.13,384.16,0.20001249492393725,27.542385555286163,10580.682834918733,0.04287433279258368
76,2306,244.5,293.4,0.19999999999999996,36.008089108825835,10564.7733445295,0.1086234608126152
17,1770,486.03,583.24,0.20000822994465373,18.087141411511436,10549.144356849929,0.043624498815198254
26,1770,485.03,582.04,0.20000824691256214,18.114764287691074,10543.517406007712,0.044809233563780415
94,2539,119.31,143.17,0.19998323694577147,73.61150001755288,10538.958457513045,0.046586103247588384
89,1902,445.23,534.28,0.20000898412056678,19.72386579077366,10538.067014694552,0.04601349488889095
104,1902,446.23,535.48,0.2000089639871816,19.674915769001167,10535.523895984745,0.04344821057573878
86,1770,485.03,582.04,0.20000824691256214,18.043044496624457,10501.773618815298,0.044818134052066694
23,2577,321.13,385.36,0.20001245601469808,27.2219733718527,10490.259658577157,0.04289124757516927
157,2139,294.91,353.89,0.19999321826998062,29.63243074607929,10486.62091673,0.04468361434969337
55,2956,592.73,711.28,0.2000067484352066,14.696592387712522,10453.392233532162,0.044128220932840634
72,1248,160.11,192.13,0.19998750858784575,54.38945607276321,10449.846195259996,0.042159422926238754
101,1770,485.03,582.04,0.20000824691256214,17.94458663690223,10444.467206142574,0.044830468359870035
101,2631,165.93,199.12,0.20002410655095515,52.371084674421084,10428.130380370727,0.04219442342354607
41,1445,668.33,802.0,0.20000598506725709,12.999999999999996,10425.999999999996,0.0
126,1247,446.23,535.48,0.2000089639871816,19.46371318418485,10422.429135867304,0.04475681809423482
59,1902,447.23,536.68,0.20000894394383195,19.38927348852237,10405.835295820185,0.043477819803329654
161,1902,447.23,536.68,0.20000894394383195,19.360460993029466,10390.372205739053,0.04348085526570822
152,1770,484.03,580.84,0.2000082639505818,17.883804513418657,10387.629013574093,0.043649357535955446
149,1770,486.03,583.24,0.20000822994465373,17.80936805655712,10387.135825306374,0.043658590196300695
91,1248,164.93,197.92,0.20002425271327207,52.34080575655438,10359.292275337242,0.0421948890470768
177,1902,445.23,534.28,0.20000898412056678,19.382051407973947,10355.442426252319,0.04347858761970169
89,1247,445.23,534.28,0.20000898412056678,19.349292288371284,10337.93988383101,0.0434820421404043
86,2139,291.03,349.24,0.20001374428753071,29.528266382785816,10312.451751524119,0.042777869650062805
124,1878,319.13,382.96,0.2000125340770218,26.88664334915011,10296.508936990525,0.04644509732598545
177,2539,134.83,161.8,0.20002966698805902,63.55494862763554,10283.190687951432,0.04206220007140227
41,2640,319.13,382.96,0.2000125340770218,26.80025411689115,10263.425316604635,0.04645021659213722
39,1571,581.03,697.24,0.2000068843261107,14.703570034579537,10251.917170910236,0.045130152764270015
17,1847,194.0,232.8,0.19999999999999996,43.97638532812052,10237.702504386458,0.04804694057871661
145,2492,456.93,548.32,0.20000875407611685,18.62723493825647,10213.685461344789,0.04356121854024364
29,1247,447.23,536.68,0.20000894394383195,18.99422248460828,10193.81932303957,0.043520240074499505
113,1571,581.03,697.24,0.2000068843261107,14.609231939230217,10186.140877308877,0.04414431677243613
124,1847,196.0,235.2,0.19999999999999996,43.30474107197596,10185.275100128745,0.04234836780908102
30,2494,195.0,234.0,0.19999999999999996,43.35671049059426,10145.470254799056,0.04234727060842525
86,1902,445.23,534.28,0.20000898412056678,18.965781451732884,10133.037714031845,0.043523369902070064
53,1878,320.13,384.16,0.20001249492393725,26.30986005085302,10107.195837135696,0.02957023712276552
65,2126,437.53,525.04,0.20000914223024702,19.225061733340628,10093.926412473162,0.10700313467546307
162,1885,120.34,144.41,0.20001661957786276,69.4709910971832,10032.305824344226,0.04200659339564583
17,1438,195.0,234.0,0.19999999999999996,42.77343853171418,10008.984616421118,0.042359737707864054
64,1902,445.23,534.28,0.20000898412056678,18.726882098999365,10005.39856785338,0.04354996784098464
177,2577,319.13,382.96,0.2000125340770218,26.117496352840817,10001.956403283919,0.04472954270746621
126,2631,158.11,189.73,0.19998735057871087,52.66508713866115,9992.14698281818,0.042183263393421155
106,1902,445.23,534.28,0.20000898412056678,18.683837844634215,9982.400883631168,0.044846907351525744
161,2306,241.53,289.84,0.20001656108971955,34.40734806822472,9972.625764094253,0.10805298579514055
124,1525,321.13,385.36,0.20001245601469808,25.81702315595837,9948.848043380118,0.042970399493074574
23,1770,485.03,582.04,0.20000824691256214,17.076152672981088,9939.003901781913,0.043753896543133775
162,2704,319.13,382.96,0.2000125340770218,25.878869743642756,9910.57195702543,0.04296674962565006
57,2640,320.13,384.16,0.20001249492393725,25.718696612969723,9880.09449083845,0.042976269739578354
162,2126,471.42,565.7,0.19999151499724244,17.458419327058763,9876.227813317144,0.04614206560959888
41,1902,445.23,534.28,0.20000898412056678,18.48053060606597,9873.777892208926,0.04487084730085644
39,1247,446.23,535.48,0.2000089639871816,18.432034514425556,9869.985841784597,0.04358373933421622
139,1248,150.41,180.49,0.1999867030117679,54.67211666632688,9867.77033710534,0.04215550176313221
186,1902,447.23,536.68,0.20000894394383195,18.333753116989026,9839.35862282567,0.043595234640220415
186,1770,455.93,547.12,0.20000877327659938,17.947853436316855,9819.629572077678,0.043641568009845755
32,2760,183.36,220.03,0.1999890924956369,44.60836393763622,9815.178317198097,0.11771335270621908
102,1543,482.09,578.51,0.200004148602958,16.950023036014453,9805.75782656472,0.04616220445335617
76,1902,446.23,535.48,0.2000089639871816,18.288500217627675,9793.126096535269,0.04360057472167422
186,2139,292.03,350.44,0.2000136972228881,27.935399426681883,9789.681375086398,0.04285433566978292
161,1247,446.23,535.48,0.2000089639871816,18.27934945341426,9788.226045314268,0.04360165697566942
73,1247,445.23,534.28,0.20000898412056678,18.284212502676613,9768.88905593006,0.046180243573515356
145,1247,445.23,534.28,0.20000898412056678,18.269762165873427,9761.168529982853,0.04489622701562379
124,1311,84.39,101.27,0.20002369949046095,96.36184613123869,9758.564157710542,0.09488723338878968
53,1247,446.23,535.48,0.2000089639871816,18.21464673639061,9753.579034402444,0.044900066028629615
34,2631,142.65,171.18,0.19999999999999996,56.89731861929983,9739.683001251746,0.04212964039040923
86,1803,228.01,273.61,0.19999122845489237,35.47038261370551,9705.051386935966,0.11554764572967191
162,1902,447.23,536.68,0.20000894394383195,18.051296371997783,9687.769736923769,0.043628978348873915
80,1770,485.03,582.04,0.20000824691256214,16.57757949430068,9648.814368862766,0.04501682013306163
14,1878,321.13,385.36,0.20001245601469808,25.01114625724327,9638.295321691267,0.043019807448649416
76,1878,320.13,384.16,0.20001249492393725,25.08364942800775,9636.134764263457,0.043015240039004476
94,2760,184.36,221.23,0.1999891516597958,43.5522476255714,9635.06374220516,0.11844138459345799
108,1248,160.05,192.06,0.19999999999999996,50.07396213755912,9617.205168139604,0.04569629791543661
59,2631,164.93,197.92,0.20002425271327207,48.53318663466778,9605.688298733447,0.04562599126711475
10,1847,196.0,235.2,0.19999999999999996,40.83841892306452,9605.196130704775,0.04240364549335396
93,1247,445.23,534.28,0.20000898412056678,17.967762699623936,9599.816255155076,0.04363916833456316
88,1248,146.5,175.8,0.20000000000000018,54.52940168947719,9586.26881701009,0.042159906600555574
110,1247,447.23,536.68,0.20000894394383195,17.806915238364834,9556.615270125638,0.04365903511506053
88,1770,456.93,548.32,0.20000875407611685,17.395291030861603,9538.185978042035,0.043711528948282896
76,1247,445.23,534.28,0.20000898412056678,17.844340484934325,9533.87423429071,0.044949276241010305
124,2704,320.13,384.16,0.20001249492393725,24.73810037693961,9503.38864080512,0.044811849730740705
161,1207,345.38,414.46,0.20001158144652265,22.907028357864544,9494.046973200539,0.04316499962969611
161,2631,150.41,180.49,0.1999867030117679,52.41968869845733,9461.229613184563,0.042186665812368185
126,1438,195.0,234.0,0.19999999999999996,40.39615658015082,9452.700639755292,0.04241427089881289
101,2760,162.99,195.59,0.20001227069145333,48.32047563510129,9451.001829469462,0.11437312601512206
17,2139,290.03,348.04,0.20001379167672328,27.150470646755135,9449.449803896658,0.04289533430483905
41,2126,486.03,583.24,0.20000822994465373,16.183524217376984,9438.878664542952,0.043881542997091905
104,1247,446.23,535.48,0.2000089639871816,17.618062899644332,9434.120321501547,0.043682836051909146
74,1247,445.23,534.28,0.20000898412056678,17.6524931030325,9431.374015088204,0.04497403373981945
88,2139,275.48,330.58,0.2000145201103527,28.516088218220403,9426.8484431793,0.04487677502041487
27,2631,162.02,194.42,0.19997531168991478,48.28504739480289,9387.578914497577,0.04224928035388753
26,2304,482.09,578.51,0.200004148602958,16.22313396467842,9385.245229906113,0.04627209982508884
126,1770,485.03,582.04,0.20000824691256214,16.12297143674554,9384.214295043374,0.04508577614726139
86,1198,171.75,206.1,0.19999999999999996,45.494918942789454,9376.502794108907,0.09739451661810106
86,2956,486.03,583.24,0.20000822994465373,16.04660218962356,9359.020261076044,0.12925147080781685
124,1770,486.03,583.24,0.20000822994465373,16.032959021784023,9351.063019865314,0.043904471824637636
186,1247,447.23,536.68,0.20000894394383195,17.409479022984822,9343.319202055494,0.04370971410771329
72,1770,486.03,583.24,0.20000822994465373,16.01934296203783,9343.121589178943,0.04390656654348346
50,1902,446.23,535.48,0.2000089639871816,17.40172353459993,9318.274918307572,0.04371072993024783
34,1248,153.26,183.91,0.19998695028056912,50.53266491836885,9293.462405137216,0.04583858610926661
55,1878,320.13,384.16,0.20001249492393725,24.12241237834218,9266.865939263933,0.04307812405122702
23,1248,163.93,196.72,0.20002440065881766,47.00076753125596,9245.990988748672,0.04228099216379766
92,2539,119.34,143.21,0.20001675884028836,64.53198283925502,9241.625262409712,0.046674974396626934
34,1247,445.23,534.28,0.20000898412056678,17.273259991776275,9228.757348406227,0.04631390811259495
86,2760,163.99,196.79,0.20001219586560137,46.896439678141995,9228.750364261563,0.10329078153347271
102,2704,320.13,384.16,0.20001249492393725,24.016748122199846,9226.273958624293,0.0448617974643446
74,2304,484.09,580.91,0.20000413146315776,15.851273802737413,9208.16346474819,0.043931914627824864
77,1770,486.03,583.24,0.20000822994465373,15.786319517797075,9207.212995559967,0.04394297390555235
149,1248,143.62,172.34,0.19997214872580416,53.25921878376795,9178.693765194568,0.042171997636203606
53,1847,195.0,234.0,0.19999999999999996,39.177963433419116,9167.643443420073,0.04244477723904905
139,1770,411.28,493.54,0.200009725734293,18.55312984393831,9156.711703177314,0.1272481551880591
153,2494,195.0,234.0,0.19999999999999996,39.1298400928886,9156.382581735932,0.04244602131615616
186,2760,182.36,218.83,0.1999890326826057,41.84149845681798,9156.175107305478,0.11746912004970256
64,1770,485.03,582.04,0.20000824691256214,15.70891175161438,9143.214995909633,0.04515204531065464
61,2306,243.53,292.24,0.20001642508109896,31.188468547521147,9114.51804832758,0.10873355976486043
88,1902,445.23,534.28,0.20000898412056678,17.056932231678147,9113.177752741,0.04505442869638898
77,1902,447.23,536.68,0.20000894394383195,16.9687548537994,9106.79135493706,0.0437686820975165
83,1770,486.03,583.24,0.20000822994465373,15.602472248417172,9099.985914166831,0.04397246345424821
26,1247,403.58,484.3,0.20000991129391954,18.751230775411408,9081.221064531745,0.043547406284418444
72,2631,163.93,196.72,0.20002440065881766,46.0921007627283,9067.23806204391,0.04569300041544211
29,2704,320.13,384.16,0.20001249492393725,23.58942136688554,9062.11211230275,0.04311519704827338
92,1902,446.23,535.48,0.2000089639871816,16.881358259156713,9039.629720613237,0.043780744425691576
143,1248,148.41,178.09,0.1999865238191496,50.75324909859022,9038.646131967931,0.045952200535996246
97,1248,155.26,186.31,0.19998711838206895,48.50938019088189,9037.782623363206,0.042247713738623904
77,2577,321.13,385.36,0.20001245601469808,23.45081183172126,9037.004847472106,0.043125106374108046
76,1248,163.93,196.72,0.20002440065881766,45.854392415919804,9020.476076059744,0.042302081909265765
110,2577,320.13,384.16,0.20001249492393725,23.471811698240874,9016.931181996215,0.04312360391808201
101,2306,244.5,293.4,0.19999999999999996,30.70390116217324,9008.524600981627,0.10952917365682668
51,1902,446.23,535.48,0.2000089639871816,16.79976018987727,8995.93558647548,0.04379211576865172
153,1248,164.93,197.92,0.20002425271327207,45.35923424559396,8977.499641887956,0.0423114926660888
152,2539,121.28,145.54,0.200032981530343,61.67664281632495,8976.418595487932,0.04208183168717172
58,2539,140.68,168.82,0.20002843332385556,53.12534339329817,8968.620471656595,0.04218448836318078
99,2492,389.03,466.84,0.20001028198339466,19.209266955957712,8967.654185719299,0.04349719270113994
77,1248,153.26,183.91,0.19998695028056912,48.60623553238834,8939.17277676154,0.04224605343550736
34,1902,445.23,534.28,0.20000898412056678,16.719808349627165,8933.0592050388,0.0463939123143704
104,1878,320.13,384.16,0.20001249492393725,23.23757307875304,8926.946073933768,0.044919226322615025
26,2760,182.36,218.83,0.1999890326826057,40.67300393447562,8900.473450981299,0.11781468422388486
32,1247,446.23,535.48,0.2000089639871816,16.582678155025135,8879.69249845286,0.045119660119168126
23,1902,447.23,536.68,0.20000894394383195,16.52776463281711,8870.120723140286,0.04383082550517636
113,1525,321.13,385.36,0.20001245601469808,22.970447871684446,8851.891791832319,0.04316039843263786
109,1770,486.03,583.24,0.20000822994465373,15.155755259047204,8839.442697286691,0.04404709104460425
58,1248,153.26,183.91,0.19998695028056912,47.93738997690008,8816.165390651693,0.04225743364151513
94,1770,427.83,513.4,0.20000934950798221,17.169034423963137,8814.582273262675,0.1095621362776974
86,1311,171.75,206.1,0.19999999999999996,42.761432693327066,8813.131278094708,0.12864300556772945
162,2577,319.13,382.96,0.2000125340770218,22.990610710724955,8804.484277779227,0.04494379983916241
42,2139,292.03,350.44,0.2000136972228881,25.122667727705284,8803.98767849704,0.04301301993589779
11,1247,447.23,536.68,0.20000894394383195,16.3693798081824,8785.11875545533,0.04385395992916519
93,1248,153.26,183.91,0.19998695028056912,47.76567074188392,8784.584506139872,0.04588774934380635
72,2760,161.99,194.39,0.2000123464411383,45.144457820447606,8775.63115571681,0.11437630456005632
113,2577,213.46,256.15,0.19999063056310296,34.10684701293687,8736.468862363778,0.12421080743163937
91,1525,319.13,382.96,0.2000125340770218,22.809427380114116,8735.098309488501,0.043172575615710085
72,1198,171.75,206.1,0.19999999999999996,42.24419398768573,8706.52838086203,0.09769804961735962
14,1770,484.03,580.84,0.2000082639505818,14.943427423400172,8679.740384607756,0.04528667802150299
101,1902,447.23,536.68,0.20000894394383195,16.05967393230191,8618.905805987788,0.04390051213998414
61,2304,482.09,578.51,0.200004148602958,14.895632564561287,8617.27239492435,0.04409179997920687
129,2577,319.13,382.96,0.2000125340770218,22.410711112668476,8582.40592770752,0.0467621801848227
153,1247,447.23,536.68,0.20000894394383195,15.977322451832134,8574.709413449269,0.04391319343472855
17,2631,162.02,194.42,0.19997531168991478,43.97510213737375,8549.639357548205,0.04232974128143241
126,1248,163.93,196.72,0.20002440065881766,43.19717351404731,8497.747973683387,0.029160850316155673
102,2539,129.07,154.88,0.1999690090648485,54.76691371945733,8482.29959686955,0.04215091105765345
86,1525,319.13,382.96,0.2000125340770218,22.1393965875612,8478.503317172437,0.04322508026630123
57,2704,320.13,384.16,0.20001249492393725,21.97397468463594,8441.522114849744,0.043238527338540056
101,1248,157.17,188.6,0.19997454985048035,44.742197918250405,8438.378527382027,0.0423141435799429
55,1770,486.03,583.24,0.20000822994465373,14.463805487963805,8435.86991280001,0.0441717610048582
94,2704,320.13,384.16,0.20001249492393725,21.957155150531534,8435.060722628195,0.04502243399441219
99,1902,446.23,535.48,0.2000089639871816,15.747536902647884,8432.491060629889,0.043949281545487495
76,1230,348.26,417.91,0.19999425716418773,20.146064382657073,8419.241766156218,0.10044242745920662
27,1770,486.03,583.24,0.20000822994465373,14.427824745388955,8414.884504500655,0.04417856986420177
53,1770,484.03,580.84,0.2000082639505818,14.451543911128956,8394.034765340144,0.04537897081493736
36,1248,164.93,197.92,0.20002425271327207,42.39352383291423,8390.526237010383,0.042372635823948235
102,1247,445.23,534.28,0.20000898412056678,15.595609191349372,8332.422078754142,0.04397372572804881
177,1770,484.03,580.84,0.2000082639505818,14.34490318886987,8332.093568223176,0.046598661451933476
94,2631,153.26,183.91,0.19998695028056912,45.04793517984515,8284.765758925321,0.04231047664005372
106,2631,155.26,186.31,0.19998711838206895,44.427392255781186,8277.267451174594,0.04232279918470461
124,2956,485.03,582.04,0.20000824691256214,14.155162097893943,8238.87054745819,0.1300942094454144
124,2306,290.03,348.04,0.20001379167672328,23.662659762382454,8235.552103699589,0.12023062913947347
91,1311,170.75,204.9,0.19999999999999996,40.18879712076001,8234.684530043725,0.09733214528087042
58,1525,319.13,382.96,0.2000125340770218,21.478798557488705,8225.520695575875,0.04328004648987238
102,2631,154.26,185.11,0.1999870348761832,44.2601672614724,8192.999561771156,0.04232615441057963
177,1247,446.23,535.48,0.2000089639871816,15.292757899922034,8188.9660002502505,0.04402388560666126
66,1248,155.26,186.31,0.19998711838206895,43.838926879874585,8167.630466989434,0.04233477572263222
32,1770,484.03,580.84,0.2000082639505818,14.059256649016337,8166.178632014649,0.04425032403223439
23,1247,446.23,535.48,0.2000089639871816,15.248770235648717,8165.4114857851755,0.04403133693163119
94,1525,319.13,382.96,0.2000125340770218,21.30325895185566,8158.296048202644,0.045085494196822506
91,1543,485.03,582.04,0.20000824691256214,14.009831324232557,8154.2822239563175,0.044260228284820013
177,2139,285.18,342.22,0.2000140262290484,23.81883538044576,8151.2818438961485,0.04509310528529442
92,1878,321.13,385.36,0.20001245601469808,21.139167249498794,8146.189491266856,0.043309625541869234
55,2760,161.99,194.39,0.2000123464411383,41.87150274361783,8139.4014183318695,0.11426317470168601
139,2492,445.23,534.28,0.20000898412056678,15.223020737534863,8133.355519650127,0.046639337171209494
26,1878,319.13,382.96,0.2000125340770218,21.235641917090703,8132.4014285690555,0.04686752943723038
29,1248,146.5,175.8,0.20000000000000018,46.23029668834032,8127.286157810228,0.042290438016262644
73,1525,321.13,385.36,0.20001245601469808,21.06427004216008,8117.327103446808,0.04331627997004939
57,1902,387.03,464.44,0.20001033511614086,17.434120167649798,8097.102770663272,0.04667797268950391
108,2631,160.08,192.1,0.20002498750624675,42.12634513519051,8092.470900470097,0.04237870565921387
26,2704,320.13,384.16,0.20001249492393725,21.05635998189748,8089.011250645736,0.043316993043768126
23,2139,292.03,350.44,0.2000136972228881,23.080060218051294,8088.176302813896,0.04315245536657064
53,2139,290.03,348.04,0.20001379167672328,23.239033892035863,8088.113355784162,0.043140743427177
102,2126,437.53,525.04,0.20000914223024702,15.402062247166196,8086.698762252139,0.12070805247516814
162,2640,319.13,382.96,0.2000125340770218,21.08356688210169,8074.162773169663,0.04510560799763286
161,1770,485.03,582.04,0.20000824691256214,13.82948457419345,8049.313201563555,0.04429697877388661
91,2304,484.03,580.84,0.2000082639505818,13.810989521378993,8021.975153597775,0.04550898352850097
143,2631,153.26,183.91,0.19998695028056912,43.57929153779627,8014.667506716112,0.042340130778401375
55,2640,319.13,382.96,0.2000125340770218,20.84133717513926,7981.39848459133,0.043336384587811305
68,1770,486.03,583.24,0.20000822994465373,13.676845179672828,7976.88318259238,0.04432883479227545
161,2139,292.03,350.44,0.2000136972228881,22.689811773672506,7951.417637965793,0.04318194623706417
124,1248,159.11,190.93,0.199987430079819,41.63898749348039,7950.131882130212,0.04238260361700874
26,1525,319.13,382.96,0.2000125340770218,20.736819036720224,7941.3722183023765,0.04334595163454136
57,1770,486.03,583.24,0.20000822994465373,13.58800057461728,7925.065455139782,0.04434770727399462
26,2577,194.03,232.84,0.20002061536875737,34.016273995694675,7920.3492371575485,0.10490022395135079
161,1248,154.26,185.11,0.1999870348761832,42.68256863894645,7900.970280755378,0.04597130380366776
73,1770,440.38,528.46,0.20000908306462617,14.90588448291146,7877.163713839391,0.04672620286882079
92,1770,485.03,582.04,0.20000824691256214,13.524507961702122,7871.804614029103,0.04556861284819913
29,1770,425.83,511.0,0.20000939341990942,15.39169589599243,7865.156602852132,0.11142839536813631
157,1248,154.26,185.11,0.1999870348761832,42.43835542344105,7855.763972433174,0.04597708141172996
57,1878,320.13,384.16,0.20001249492393725,20.444668836530028,7854.023980241376,0.04337320375954057
126,1902,446.23,535.48,0.2000089639871816,14.653959673144316,7846.902325775319,0.04544206153233066
92,2640,320.13,384.16,0.20001249492393725,20.399741806062273,7836.764812216884,0.04337746489959826
186,2631,152.35,182.82,0.19999999999999996,42.769523426380424,7819.124272810869,0.0423598225387507
74,1770,454.93,545.92,0.20000879256149284,14.321702029236596,7818.503571800841,0.0441989617564259
20,1770,485.03,582.04,0.20000824691256214,13.4283711433801,7815.849140292952,0.04559004993402327
139,2760,262.93,315.52,0.20001521317460913,24.734971895316413,7804.378332410234,0.04303800909045685
186,2539,119.34,143.21,0.20001675884028836,54.46851903373481,7800.4366108211625,0.04216387866809135
132,2631,165.93,199.12,0.20002410655095515,39.172439658874765,7800.016184875143,0.042449493461102716
102,1770,484.03,580.84,0.2000082639505818,13.387774942579947,7776.155197648137,0.04680560528973077
101,2577,320.13,384.16,0.20001249492393725,20.226880429044947,7770.3583856219075,0.043394036245351986
41,1770,484.03,580.84,0.2000082639505818,13.28385137167804,7715.792230725473,0.04562535121368971
39,1902,447.23,536.68,0.20000894394383195,14.334203751012407,7692.8804690933375,0.04419658685690864
129,2139,241.53,289.84,0.20001656108971955,26.53467167706843,7690.809238881513,0.13244279809467796
149,1247,447.23,536.68,0.20000894394383195,14.313089851834826,7681.549061682714,0.04420065062839029
26,1248,150.41,180.49,0.1999867030117679,42.40940257694358,7654.473071112547,0.042365173990567606
143,1770,426.83,512.2,0.2000093714125064,14.940784006690972,7652.6695682271165,0.11049400355902683
74,1248,153.26,183.91,0.19998695028056912,41.553712880868815,7642.143335920584,0.04238446606219892
93,1902,447.23,536.68,0.20000894394383195,14.222840066210948,7633.113806734091,0.044218156529065356
91,2760,163.99,196.79,0.20001219586560137,38.699331908864494,7615.641526345444,0.11530999101655115
113,1247,389.03,466.84,0.20001028198339466,16.312250728628637,7615.211130152992,0.11430161587358467
139,2306,335.62,402.74,0.1999880817591324,18.902669320033443,7612.861041950269,0.046935938192754434
39,2139,260.93,313.12,0.20001532978193381,24.277119343109216,7601.651608714358,0.04524484475853707
157,1247,446.23,535.48,0.2000089639871816,14.189389787541874,7598.134443432923,0.044224705289611754
58,2704,319.13,382.96,0.2000125340770218,19.83184819221506,7594.804583690679,0.04343299573608539
94,1248,151.35,181.62,0.20000000000000018,41.800031847271796,7591.7217841015035,0.042381317781436834
55,1902,446.23,535.48,0.2000089639871816,14.15213960148992,7578.187713805823,0.04423202988155639
64,2577,321.13,385.36,0.20001245601469808,19.664073061235026,7577.74719487753,0.04344999644628478
94,2577,320.13,384.16,0.20001249492393725,19.6869967235764,7562.95666132911,0.04344766199327588
74,1525,321.13,385.36,0.20001245601469808,19.459279463616358,7498.8279340992,0.043471163553225
129,1248,151.35,181.62,0.20000000000000018,41.279840414570124,7497.244616094226,0.04607677308618352
72,2139,291.03,349.24,0.20001374428753071,21.395728721499943,7472.24429869664,0.04524943526246705
72,1902,445.23,534.28,0.20000898412056678,13.943282870067055,7449.6171718194255,0.0468908263361657
77,1247,447.23,536.68,0.20000894394383195,13.880559676731977,7449.418767308517,0.044286611920449914
126,2494,244.5,293.4,0.19999999999999996,25.354378292953868,7438.974591152664,0.042995988172995325
17,2494,242.5,291.0,0.19999999999999996,25.484467705519755,7415.980102306249,0.045325192502018274
58,1902,445.23,534.28,0.20000898412056678,13.868678448547211,7409.757521489803,0.0442890565806493
162,1525,320.13,384.16,0.20001249492393725,19.236418139744654,7389.862392564307,0.043494716657174526
92,1247,447.23,536.68,0.20000894394383195,13.765953482604354,7387.911915044104,0.044310291385827205
149,1902,446.23,535.48,0.2000089639871816,13.715801325407234,7344.537293729066,0.0443207816826664
72,2492,389.03,466.84,0.20001028198339466,15.721807304446166,7339.5685220076475,0.04395364598945395
124,2640,320.13,384.16,0.20001249492393725,19.101485048249202,7338.026496135414,0.045302343507676035
41,2139,262.93,315.52,0.20001521317460913,23.21092465209288,7323.510946228345,0.09672670909524961
41,1438,196.0,235.2,0.19999999999999996,31.045107461231986,7301.809274881763,0.042709706488218147
99,1247,446.23,535.48,0.2000089639871816,13.632771602907402,7300.076537924856,0.044338311488232196
32,1248,155.26,186.31,0.19998711838206895,39.009703942836,7267.897941589775,0.04244669621513519
86,1247,446.23,535.48,0.2000089639871816,13.54934884227609,7255.405318062001,0.045667913674176
74,2704,319.13,382.96,0.2000125340770218,18.764635003945976,7186.104621111151,0.04354640980902402
58,1247,445.23,534.28,0.20000898412056678,13.36812042537709,7142.319380870471,0.04439563916840539
74,2139,282.33,338.8,0.200014167817802,21.066429162704395,7137.306200324249,0.043316418591908934
39,2577,321.13,385.36,0.20001245601469808,18.503622288119363,7130.555884949678,0.04357611941810724
55,2139,292.03,350.44,0.2000136972228881,20.333045540406864,7125.512479180182,0.04338405832567549
41,1878,320.13,384.16,0.20001249492393725,18.47302280980411,7096.596442614347,0.043579666620245594
124,2139,291.03,349.24,0.20001374428753071,20.29453123617431,7087.662088921516,0.04535409423478809
139,1247,445.23,534.28,0.20000898412056678,13.261385514672824,7085.293052779396,0.04704458675587031
139,1902,447.23,536.68,0.20000894394383195,13.18365129597344,7075.401977523025,0.04443694429622613
39,2760,183.36,220.03,0.1999890924956369,31.963570159987427,7032.944342302034,0.118613273342832
102,1525,320.13,384.16,0.20001249492393725,18.279598752301624,7022.290656684192,0.04539907312239366
124,2494,194.0,232.8,0.19999999999999996,29.936901052640746,6969.310565054766,0.042756934634396115
55,2577,319.13,382.96,0.2000125340770218,18.158039638993653,6953.802860149009,0.045419737667246274
124,2760,163.99,196.79,0.20001219586560137,35.195625095527404,6926.147062548837,0.11614580914481387
88,2577,321.13,385.36,0.20001245601469808,17.903381185399986,6899.246973605739,0.04364775715016711
124,1438,195.0,234.0,0.19999999999999996,29.406542620256314,6881.130973139978,0.04278079442724281
91,1216,417.13,500.56,0.20000958933665758,13.715023677380492,6865.192251949579,0.04432106852366258
92,1525,321.13,385.36,0.20001245601469808,17.780635194113664,6851.945578403642,0.04366300095727038
102,2577,319.13,382.96,0.2000125340770218,17.853723903717018,6837.262106167469,0.0454583107233959
81,1248,143.59,172.31,0.20001392854655609,39.49390894038316,6805.195449517422,0.04243932677503259
55,1247,389.03,466.84,0.20001028198339466,14.529837372288998,6783.109278879396,0.11607275174370824
59,2139,292.03,350.44,0.2000136972228881,19.159394726966863,6714.218288118267,0.043503214883427344
86,1248,165.93,199.12,0.20002410655095515,33.50896277906704,6672.304668567829,0.042620475537559765
58,2577,321.13,385.36,0.20001245601469808,17.238876961531687,6643.173625895852,0.043732869081312575
41,2760,163.99,196.79,0.20001219586560137,33.72630911752958,6637.000371238646,0.11626935089938417
57,2539,135.8,162.96,0.19999999999999996,40.59972764393137,6616.131616855056,0.046512122334413264
55,2306,335.62,402.74,0.1999880817591324,16.425217166949,6615.09196181704,0.04556497620401878
91,1803,226.01,271.21,0.19999115083403396,24.168516526270814,6554.743367089907,0.11623512526731261
80,1248,164.93,197.92,0.20002425271327207,33.117564725552306,6554.628410481312,0.04263447750243188
162,1878,319.13,382.96,0.2000125340770218,17.101308650832948,6549.117160922985,0.04555956030276198
102,1902,388.03,465.64,0.20001030848130297,14.053975341022703,6544.093077793811,0.11645157057786149
50,1248,147.5,177.0,0.19999999999999996,36.87118468411216,6526.199689087852,0.0425080607136219
186,1248,138.74,166.49,0.20001441545336607,39.173812901345165,6522.048109944957,0.04244761937838126
88,2306,292.03,350.44,0.2000136972228881,18.487646262016522,6478.81075606107,0.11555817521068668
57,2577,281.33,337.6,0.20001421817794074,19.158963500214018,6468.0660776722525,0.04350336252523501
39,1525,320.13,384.16,0.20001249492393725,16.726651321292724,6425.710371587814,0.04560772565529314
162,2760,262.93,315.52,0.20001521317460913,20.129499998262066,6351.259839451646,0.04340402349176131
57,2139,242.53,291.04,0.20001649280501388,21.809944552632054,6347.566262598033,0.13397713974664138
41,2704,320.13,384.16,0.20001249492393725,16.486905639199342,6333.60967035482,0.0438374458824391
57,1525,321.13,385.36,0.20001245601469808,16.2842460181463,6275.2970455528575,0.04386726804341112
42,1248,145.5,174.6,0.19999999999999996,35.716944932049365,6236.178585135819,0.046385939476827454
101,2704,319.13,382.96,0.2000125340770218,16.1499040545464,6184.767256729089,0.045701057973663306
99,1248,164.93,197.92,0.20002425271327207,31.107271882797264,6156.751251043234,0.0427117852526081
86,1878,319.13,382.96,0.2000125340770218,15.963408499751097,6113.346919064679,0.04753057356877488
92,2306,78.57,94.28,0.1999490899834544,64.19525274766548,6052.328429049901,0.06764932496845133
91,2640,319.13,382.96,0.2000125340770218,15.789814468718056,6046.867348940266,0.0439432639955718
102,2760,182.36,218.83,0.1999890326826057,27.371276781475792,5989.656498090348,0.11902506257971268
92,2704,321.13,385.36,0.20001245601469808,15.32035571810135,5903.852279527537,0.044019918375470035
57,1248,155.26,186.31,0.19998711838206895,31.658729384353236,5898.337871598852,0.04268251911950549
91,2631,163.93,196.72,0.20002440065881766,29.867838979948544,5875.601284135478,0.04619571562498004
14,2577,320.13,384.16,0.20001249492393725,15.20245038452141,5840.173339717745,0.04403992368389076
86,2577,320.13,384.16,0.20001249492393725,14.937811492841698,5738.509663090067,0.044085954788276704
91,1878,319.13,382.96,0.2000125340770218,14.97199884734426,5733.676678578958,0.04770726023065763
113,1248,150.38,180.46,0.20002659928181954,31.727671969481953,5725.575683612714,0.04641841851054984
41,2577,321.13,385.36,0.20001245601469808,14.800783461624025,5703.629914771434,0.04411042671245047
124,2577,321.13,385.36,0.20001245601469808,14.659187319189071,5649.0644253227,0.04413620180175948
64,1248,153.26,183.91,0.19998695028056912,30.23448983506243,5560.425025566331,0.04274142026355887
139,1525,319.13,382.96,0.2000125340770218,14.25029189042172,5457.291782355901,0.04785129492614326
64,2631,153.26,183.91,0.19998695028056912,29.526304348114312,5430.182632661703,0.04644203075109643
41,2306,290.03,348.04,0.20001379167672328,15.576428473910095,5421.22016605967,0.12109283211141297
74,2760,184.36,221.23,0.1999891516597958,23.819333761875015,5269.551208139609,0.10779728862372306
109,2494,195.0,234.0,0.19999999999999996,21.40702712110755,5009.244346339166,0.04620549779935723
162,2539,117.43,140.92,0.2000340628459507,35.04615002324195,4938.703461275255,0.042570503780383406
113,2760,182.36,218.83,0.1999890326826057,21.84727117673165,4780.838351604187,0.1196781822962889
41,1847,196.0,235.2,0.19999999999999996,20.140003793340817,4736.92889219376,0.043400050335789975
102,1248,139.74,167.69,0.2000143122942606,27.80195744884713,4662.110244597176,0.09165354225519784
91,2704,243.53,292.24,0.20001642508109896,15.727554911952602,4596.220647469028,0.1341404963684002
57,2760,243.53,292.24,0.20001642508109896,15.595183111848524,4557.536312606613,0.043975255121062706
92,2760,183.36,220.03,0.1999890924956369,20.265890792205333,4459.1039510089395,0.12015963451322786
91,1438,196.0,235.2,0.19999999999999996,17.011094040526963,4001.0093183319414,0.13244851073630104
106,1248,153.26,183.91,0.19998695028056912,20.60391122305709,3789.2653130324293,0.05072372236790412
